/* PROVINIAS Y DISTRITOS DE AMAZONAS Y ANCASH */


INSERT INTO GE_PROVINCIA VALUES('010200','BAGUA','010000');

INSERT INTO GE_DISTRITO VALUES('010201','LA PECA','010200');
INSERT INTO GE_DISTRITO VALUES('010202','ARAMANGO','010200');
INSERT INTO GE_DISTRITO VALUES('010203','COPALLIN','010200');
INSERT INTO GE_DISTRITO VALUES('010204','EL PARCO','010200');
INSERT INTO GE_DISTRITO VALUES('010205','IMAZA','010200');

INSERT INTO GE_PROVINCIA VALUES('010300','BONGARA','010000');

INSERT INTO GE_DISTRITO VALUES('010301','JUMBILLA','010300');
INSERT INTO GE_DISTRITO VALUES('010302','CHISQUILLA','010300');
INSERT INTO GE_DISTRITO VALUES('010303','CHURUJA','010300');
INSERT INTO GE_DISTRITO VALUES('010304','COROSHA','010300');
INSERT INTO GE_DISTRITO VALUES('010305','CUISPES','010300');
INSERT INTO GE_DISTRITO VALUES('010306','FLORIDA','010300');
INSERT INTO GE_DISTRITO VALUES('010307','JAZAN','010300');
INSERT INTO GE_DISTRITO VALUES('010308','RECTA','010300');
INSERT INTO GE_DISTRITO VALUES('010309','SAN CARLOS','010300');
INSERT INTO GE_DISTRITO VALUES('010310','SHIPASBAMBA','010300');
INSERT INTO GE_DISTRITO VALUES('010311','VALERA','010300');
INSERT INTO GE_DISTRITO VALUES('010312','YAMBRASBAMBA','010300');


INSERT INTO GE_PROVINCIA VALUES('010400','CONDORCANQUI','010000');

INSERT INTO GE_DISTRITO VALUES('010401','NIEVA','010400');
INSERT INTO GE_DISTRITO VALUES('010402','EL CENEPA','010400');
INSERT INTO GE_DISTRITO VALUES('010403','RIO SANTIAGO','010400');

INSERT INTO GE_PROVINCIA VALUES('010500','LUYA','010000');

INSERT INTO GE_DISTRITO VALUES('010501','LAMUD','010500');
INSERT INTO GE_DISTRITO VALUES('010502','CAMPORREDONDO','010500');
INSERT INTO GE_DISTRITO VALUES('010503','COCABAMBA','010500');
INSERT INTO GE_DISTRITO VALUES('010504','COLCAMAR','010500');
INSERT INTO GE_DISTRITO VALUES('010505','CONILA','010500');
INSERT INTO GE_DISTRITO VALUES('010506','INGUILPATA','010500');
INSERT INTO GE_DISTRITO VALUES('010507','LONGUITA','010500');
INSERT INTO GE_DISTRITO VALUES('010508','LONYA CHICO','010500');
INSERT INTO GE_DISTRITO VALUES('010509','LUYA','010500');
INSERT INTO GE_DISTRITO VALUES('010510','LUYA VIEJO','010500');
INSERT INTO GE_DISTRITO VALUES('010511','MARIA','010500');
INSERT INTO GE_DISTRITO VALUES('010512','OCALLI','010500');
INSERT INTO GE_DISTRITO VALUES('010513','OCUMAL','010500');
INSERT INTO GE_DISTRITO VALUES('010514','PISUQUIA','010500');
INSERT INTO GE_DISTRITO VALUES('010515','PROVIDENCIA','010500');
INSERT INTO GE_DISTRITO VALUES('010516','SAN CRISTOBAL','010500');
INSERT INTO GE_DISTRITO VALUES('010517','SAN FRANCISCO DEL YESO','010500');
INSERT INTO GE_DISTRITO VALUES('010518','SAN JERONIMO','010500');
INSERT INTO GE_DISTRITO VALUES('010519','SAN JUAN DE LOPECANCHA','010500');
INSERT INTO GE_DISTRITO VALUES('010520','SANTA CATALINA','010500');
INSERT INTO GE_DISTRITO VALUES('010521','SANTO TOMAS','010500');
INSERT INTO GE_DISTRITO VALUES('010522','TINGO','010500');
INSERT INTO GE_DISTRITO VALUES('010523','TRITA','010500');


INSERT INTO GE_PROVINCIA VALUES('010600','RODRIGUEZ DE MENDOZA','010000');

INSERT INTO GE_DISTRITO VALUES('010601','SAN NICOLAS','010600');
INSERT INTO GE_DISTRITO VALUES('010602','CHIRIMOTO','010600');
INSERT INTO GE_DISTRITO VALUES('010603','COCHAMAL','010600');
INSERT INTO GE_DISTRITO VALUES('010604','HUAMBO','010600');
INSERT INTO GE_DISTRITO VALUES('010605','LIMABAMBA','010600');
INSERT INTO GE_DISTRITO VALUES('010606','LONGAR','010600');
INSERT INTO GE_DISTRITO VALUES('010607','MARISCAL BENAVIDES','010600');
INSERT INTO GE_DISTRITO VALUES('010608','MILPUC','010600');
INSERT INTO GE_DISTRITO VALUES('010609','OMIA','010600');
INSERT INTO GE_DISTRITO VALUES('010610','SANTA ROSA','010600');
INSERT INTO GE_DISTRITO VALUES('010611','TOTORA','010600');
INSERT INTO GE_DISTRITO VALUES('010612','VISTA ALEGRE','010600');


INSERT INTO GE_PROVINCIA VALUES('010700','UTCUBAMBA','010000');

INSERT INTO GE_DISTRITO VALUES('010701','BAGUA GRANDE','010700');
INSERT INTO GE_DISTRITO VALUES('010702','CAJARURO','010700');
INSERT INTO GE_DISTRITO VALUES('010703','CUMBA','010700');
INSERT INTO GE_DISTRITO VALUES('010704','EL MILAGRO','010700');
INSERT INTO GE_DISTRITO VALUES('010705','JAMALCA','010700');
INSERT INTO GE_DISTRITO VALUES('010706','LONYA GRANDE','010700');
INSERT INTO GE_DISTRITO VALUES('010707','YAMON','010700');









INSERT INTO GE_DEPARTAMENTO VALUES('020000','ANCASH');
INSERT INTO GE_PROVINCIA VALUES('020100','HUARAZ','020000');

INSERT INTO GE_DISTRITO VALUES('020101','HUARAZ','020100');
INSERT INTO GE_DISTRITO VALUES('020102','COCHABAMBA','020100');
INSERT INTO GE_DISTRITO VALUES('020103','COLCABAMBA','020100');
INSERT INTO GE_DISTRITO VALUES('020104','HUANCHAY','020100');
INSERT INTO GE_DISTRITO VALUES('020105','INDEPENDENCIA','020100');
INSERT INTO GE_DISTRITO VALUES('020106','JANGAS','020100');
INSERT INTO GE_DISTRITO VALUES('020107','LA LIBERTAD','020100');
INSERT INTO GE_DISTRITO VALUES('020108','OLLEROS','020100');
INSERT INTO GE_DISTRITO VALUES('020109','PAMPAS','020100');
INSERT INTO GE_DISTRITO VALUES('020110','PARIACOTO','020100');
INSERT INTO GE_DISTRITO VALUES('020111','PIRA','020100');
INSERT INTO GE_DISTRITO VALUES('020112','TARICA','020100');


INSERT INTO GE_PROVINCIA VALUES('020200','AIJA','020000');

INSERT INTO GE_DISTRITO VALUES('020201','AIJA','020200');
INSERT INTO GE_DISTRITO VALUES('020202','CORIS','020200');
INSERT INTO GE_DISTRITO VALUES('020203','HUACLLAN','020200');
INSERT INTO GE_DISTRITO VALUES('020204','LA MERCED','020200');
INSERT INTO GE_DISTRITO VALUES('020205','SUCCHA','020200');


INSERT INTO GE_PROVINCIA VALUES('020300','ANTONIO RAYMONDI','020000');

INSERT INTO GE_DISTRITO VALUES('020301','LLAMELLIN','020300');
INSERT INTO GE_DISTRITO VALUES('020302','ACZO','020300');
INSERT INTO GE_DISTRITO VALUES('020303','CHACCHO','020300');
INSERT INTO GE_DISTRITO VALUES('020304','CHINGAS','020300');
INSERT INTO GE_DISTRITO VALUES('020305','MIRGAS','020300');
INSERT INTO GE_DISTRITO VALUES('020306','SAN JUAN DE RONTOY','020300');

INSERT INTO GE_PROVINCIA VALUES('020400','ASUNCION','020000');

INSERT INTO GE_DISTRITO VALUES('020401','CHACAS','020400');
INSERT INTO GE_DISTRITO VALUES('020402','ACOCHACA','020400');

INSERT INTO GE_PROVINCIA VALUES('020500','BOLOGNESI','020000');

INSERT INTO GE_DISTRITO VALUES('020501','CHIQUIAN','020500');
INSERT INTO GE_DISTRITO VALUES('020502','ABELARDO PARDO LEZAMETA','020500');
INSERT INTO GE_DISTRITO VALUES('020503','ANTONIO RAYMONDI','020500');
INSERT INTO GE_DISTRITO VALUES('020504','AQUIA','020500');
INSERT INTO GE_DISTRITO VALUES('020505','CAJACAY','020500');
INSERT INTO GE_DISTRITO VALUES('020506','CANIS','020500');
INSERT INTO GE_DISTRITO VALUES('020507','COLQUIOC','020500');
INSERT INTO GE_DISTRITO VALUES('020508','HUALLANCA','020500');
INSERT INTO GE_DISTRITO VALUES('020509','HUASTA','020500');
INSERT INTO GE_DISTRITO VALUES('020510','HUAYLLACAYAN','020500');
INSERT INTO GE_DISTRITO VALUES('020511','LA PRIMAVERA','020500');
INSERT INTO GE_DISTRITO VALUES('020512','MANGAS','020500');
INSERT INTO GE_DISTRITO VALUES('020513','PACLLON','020500');
INSERT INTO GE_DISTRITO VALUES('020514','SAN MIGUEL DE CORPANQUI','020500');
INSERT INTO GE_DISTRITO VALUES('020515','TICLLOS','020500');



INSERT INTO GE_PROVINCIA VALUES('020600','CARHUAZ','020000');

INSERT INTO GE_DISTRITO VALUES('020601','CARHUAZ','020600');
INSERT INTO GE_DISTRITO VALUES('020602','ACOPAMPA','020600');
INSERT INTO GE_DISTRITO VALUES('020603','AMASHCA','020600');
INSERT INTO GE_DISTRITO VALUES('020604','ANTA','020600');
INSERT INTO GE_DISTRITO VALUES('020605','ATAQUERO','020600');
INSERT INTO GE_DISTRITO VALUES('020606','MARCARA','020600');
INSERT INTO GE_DISTRITO VALUES('020607','PARIAHUANCA','020600');
INSERT INTO GE_DISTRITO VALUES('020608','SAN MIGUEL DE ACO','020600');
INSERT INTO GE_DISTRITO VALUES('020609','SHILLA','020600');
INSERT INTO GE_DISTRITO VALUES('020610','TINCO','020600');
INSERT INTO GE_DISTRITO VALUES('020611','YUNGAR','020600');

INSERT INTO GE_PROVINCIA VALUES('020700','CARLOS FERMIN FITZCARRALD','020000');

INSERT INTO GE_DISTRITO VALUES('020701','SAN LUIS','020700');
INSERT INTO GE_DISTRITO VALUES('020702','SAN NICOLAS','020700');
INSERT INTO GE_DISTRITO VALUES('020703','YAUYA','020700');

INSERT INTO GE_PROVINCIA VALUES('020800','CASMA','020000');

INSERT INTO GE_DISTRITO VALUES('020801','CASMA','020800');
INSERT INTO GE_DISTRITO VALUES('020802','BUENA VISTA ALTA','020800');
INSERT INTO GE_DISTRITO VALUES('020803','COMANDANTE NOEL','020800');
INSERT INTO GE_DISTRITO VALUES('020804','YAUTAN','020800');

INSERT INTO GE_PROVINCIA VALUES('020900','CORONGO','020000');

INSERT INTO GE_DISTRITO VALUES('020901','CORONGO','020900');
INSERT INTO GE_DISTRITO VALUES('020902','ACO','020900');
INSERT INTO GE_DISTRITO VALUES('020903','BAMBAS','020900');
INSERT INTO GE_DISTRITO VALUES('020904','CUSCA','020900');
INSERT INTO GE_DISTRITO VALUES('020905','LA PAMPA','020900');
INSERT INTO GE_DISTRITO VALUES('020906','YANAC','020900');
INSERT INTO GE_DISTRITO VALUES('020907','YUPAN','020900');

INSERT INTO GE_PROVINCIA VALUES('021000','HUARI','020000');

INSERT INTO GE_DISTRITO VALUES('021001','HUARI','021000');
INSERT INTO GE_DISTRITO VALUES('021002','ANRA','021000');
INSERT INTO GE_DISTRITO VALUES('021003','CAJAY','021000');
INSERT INTO GE_DISTRITO VALUES('021004','CHAVIN DE HUANTAR','021000');
INSERT INTO GE_DISTRITO VALUES('021005','HUACACHI','021000');
INSERT INTO GE_DISTRITO VALUES('021006','HUACCHIS','021000');
INSERT INTO GE_DISTRITO VALUES('021007','HUACHIS','021000');
INSERT INTO GE_DISTRITO VALUES('021008','HUANTAR','021000');
INSERT INTO GE_DISTRITO VALUES('021009','MASIN','021000');
INSERT INTO GE_DISTRITO VALUES('021010','PAUCAS','021000');
INSERT INTO GE_DISTRITO VALUES('021011','PONTO','021000');
INSERT INTO GE_DISTRITO VALUES('021012','RAHUAPAMPA','021000');
INSERT INTO GE_DISTRITO VALUES('021013','RAPAYAN','021000');
INSERT INTO GE_DISTRITO VALUES('021014','SAN MARCOS','021000');
INSERT INTO GE_DISTRITO VALUES('021015','SAN PEDRO DE CHANA','021000');
INSERT INTO GE_DISTRITO VALUES('021016','UCO','021000');


INSERT INTO GE_PROVINCIA VALUES('021100','HUARMEY','020000');

INSERT INTO GE_DISTRITO VALUES('021101','HUARMEY','021100');
INSERT INTO GE_DISTRITO VALUES('021102','COCHAPETI','021100');
INSERT INTO GE_DISTRITO VALUES('021103','CULEBRAS','021100');
INSERT INTO GE_DISTRITO VALUES('021104','HUAYAN','021100');
INSERT INTO GE_DISTRITO VALUES('021105','MALVAS','021100');


INSERT INTO GE_PROVINCIA VALUES('021200','HUAYLAS','020000');

INSERT INTO GE_DISTRITO VALUES('021201','CARAZ','021200');
INSERT INTO GE_DISTRITO VALUES('021202','HUALLANCA','021200');
INSERT INTO GE_DISTRITO VALUES('021203','HUATA','021200');
INSERT INTO GE_DISTRITO VALUES('021204','HUAYLAS','021200');
INSERT INTO GE_DISTRITO VALUES('021205','MATO','021200');
INSERT INTO GE_DISTRITO VALUES('021206','PAMPAROMAS','021200');
INSERT INTO GE_DISTRITO VALUES('021207','PUEBLO LIBRE','021200');
INSERT INTO GE_DISTRITO VALUES('021208','SANTA CRUZ','021200');
INSERT INTO GE_DISTRITO VALUES('021209','SANTO TORIBIO','021200');
INSERT INTO GE_DISTRITO VALUES('021210','YURACMARCA','021200');


INSERT INTO GE_PROVINCIA VALUES('021300','MARISCAL LUZURIAGA','020000');

INSERT INTO GE_DISTRITO VALUES('021301','PISCOBAMBA','021300');
INSERT INTO GE_DISTRITO VALUES('021302','CASCA','021300');
INSERT INTO GE_DISTRITO VALUES('021303','ELEAZAR GUZMAN BARRON','021300');
INSERT INTO GE_DISTRITO VALUES('021304','FIDEL OLIVAS ESCUDERO','021300');
INSERT INTO GE_DISTRITO VALUES('021305','LLAMA','021300');
INSERT INTO GE_DISTRITO VALUES('021306','LLUMPA','021300');
INSERT INTO GE_DISTRITO VALUES('021307','LUCMA','021300');
INSERT INTO GE_DISTRITO VALUES('021308','MUSGA','021300');



INSERT INTO GE_PROVINCIA VALUES('021400','OCROS','020000');

INSERT INTO GE_DISTRITO VALUES('021401','OCROS','021400');
INSERT INTO GE_DISTRITO VALUES('021402','ACAS','021400');
INSERT INTO GE_DISTRITO VALUES('021403','CAJAMARQUILLA','021400');
INSERT INTO GE_DISTRITO VALUES('021404','CARHUAPAMPA','021400');
INSERT INTO GE_DISTRITO VALUES('021405','COCHAS','021400');
INSERT INTO GE_DISTRITO VALUES('021406','CONGAS','021400');
INSERT INTO GE_DISTRITO VALUES('021407','LLIPA','021400');
INSERT INTO GE_DISTRITO VALUES('021408','SAN CRISTOBAL DE RAJAN','021400');
INSERT INTO GE_DISTRITO VALUES('021409','SAN PEDRO','021400');
INSERT INTO GE_DISTRITO VALUES('021410','SANTIAGO DE CHILCAS','021400');




INSERT INTO GE_PROVINCIA VALUES('021500','PALLASCA','020000');

INSERT INTO GE_DISTRITO VALUES('021501','CABANA','021500');
INSERT INTO GE_DISTRITO VALUES('021502','BOLOGNESI','021500');
INSERT INTO GE_DISTRITO VALUES('021503','CONCHUCOS','021500');
INSERT INTO GE_DISTRITO VALUES('021504','HUACASCHUQUE','021500');
INSERT INTO GE_DISTRITO VALUES('021505','HUANDOVAL','021500');
INSERT INTO GE_DISTRITO VALUES('021506','LACABAMBA','021500');
INSERT INTO GE_DISTRITO VALUES('021507','LLAPO','021500');
INSERT INTO GE_DISTRITO VALUES('021508','PALLASCA','021500');
INSERT INTO GE_DISTRITO VALUES('021509','PAMPAS','021500');
INSERT INTO GE_DISTRITO VALUES('021510','SANTA ROSA','021500');
INSERT INTO GE_DISTRITO VALUES('021511','TAUCA','021500');

INSERT INTO GE_PROVINCIA VALUES('021600','POMABAMBA','020000');

INSERT INTO GE_DISTRITO VALUES('021601','POMABAMBA','021600');
INSERT INTO GE_DISTRITO VALUES('021602','HUAYLLAN','021600');
INSERT INTO GE_DISTRITO VALUES('021603','PAROBAMBA','021600');
INSERT INTO GE_DISTRITO VALUES('021604','QUINUABAMBA','021600');


INSERT INTO GE_PROVINCIA VALUES('021700','RECUAY','020000');

INSERT INTO GE_DISTRITO VALUES('021701','RECUAY','021700');
INSERT INTO GE_DISTRITO VALUES('021702','CATAC','021700');
INSERT INTO GE_DISTRITO VALUES('021703','COTAPARACO','021700');
INSERT INTO GE_DISTRITO VALUES('021704','HUAYLLAPAMPA','021700');
INSERT INTO GE_DISTRITO VALUES('021705','LLACLLIN','021700');
INSERT INTO GE_DISTRITO VALUES('021706','MARCA','021700');
INSERT INTO GE_DISTRITO VALUES('021707','PAMPAS CHICO','021700');
INSERT INTO GE_DISTRITO VALUES('021708','PARARIN','021700');
INSERT INTO GE_DISTRITO VALUES('021709','TAPACOCHA','021700');
INSERT INTO GE_DISTRITO VALUES('021710','TICAPAMPA','021700');

INSERT INTO GE_PROVINCIA VALUES('021800','SANTA','020000');

INSERT INTO GE_DISTRITO VALUES('021801','CHIMBOTE','021800');
INSERT INTO GE_DISTRITO VALUES('021802','CACERES DEL PERU','021800');
INSERT INTO GE_DISTRITO VALUES('021803','COISHCO','021800');
INSERT INTO GE_DISTRITO VALUES('021804','MACATE','021800');
INSERT INTO GE_DISTRITO VALUES('021805','MORO','021800');
INSERT INTO GE_DISTRITO VALUES('021806','NEPEÑA','021800');
INSERT INTO GE_DISTRITO VALUES('021807','SAMANCO','021800');
INSERT INTO GE_DISTRITO VALUES('021808','SANTA','021800');
INSERT INTO GE_DISTRITO VALUES('021809','NUEVO CHIMBOTE','021800');


INSERT INTO GE_PROVINCIA VALUES('021900','SIHUAS','020000');

INSERT INTO GE_DISTRITO VALUES('021901','SIHUAS','021900');
INSERT INTO GE_DISTRITO VALUES('021902','ACOBAMBA','021900');
INSERT INTO GE_DISTRITO VALUES('021903','ALFONSO UGARTE','021900');
INSERT INTO GE_DISTRITO VALUES('021904','CASHAPAMPA','021900');
INSERT INTO GE_DISTRITO VALUES('021905','CHINGALPO','021900');
INSERT INTO GE_DISTRITO VALUES('021906','HUAYLLABAMBA','021900');
INSERT INTO GE_DISTRITO VALUES('021907','QUICHES','021900');
INSERT INTO GE_DISTRITO VALUES('021908','RAGASH','021900');
INSERT INTO GE_DISTRITO VALUES('021909','SAN JUAN','021900');
INSERT INTO GE_DISTRITO VALUES('021910','SICSIBAMBA','021900');



INSERT INTO GE_PROVINCIA VALUES('022000','YUNGAY','020000');


INSERT INTO GE_DISTRITO VALUES('022001','YUNGAY','022000');
INSERT INTO GE_DISTRITO VALUES('022002','CASCAPARA','022000');
INSERT INTO GE_DISTRITO VALUES('022003','MANCOS','022000');
INSERT INTO GE_DISTRITO VALUES('022004','MATACOTO','022000');
INSERT INTO GE_DISTRITO VALUES('022005','QUILLO','022000');
INSERT INTO GE_DISTRITO VALUES('022006','RANRAHIRCA','022000');
INSERT INTO GE_DISTRITO VALUES('022007','SHUPLUY','022000');
INSERT INTO GE_DISTRITO VALUES('022008','YANAMA','022000');

/* CATEGORÍAS DE EVENTOS */

INSERT INTO GE_CATEGORIA_EVENTO VALUES(1,'Seminarios','A');
INSERT INTO GE_CATEGORIA_EVENTO VALUES(2,'Reuniones de trabajo con autoridades','A');
INSERT INTO GE_CATEGORIA_EVENTO VALUES(3,'Entrevistas','A');

/* TIPOS DE EVENTOS */

INSERT INTO GE_TIPO_EVENTO VALUES(1,'Concesionarias','A',1);
INSERT INTO GE_TIPO_EVENTO VALUES(2,'Inversionistas','A',1);
INSERT INTO GE_TIPO_EVENTO VALUES(3,'Regionales','A',2);
INSERT INTO GE_TIPO_EVENTO VALUES(4,'Provinciales','A',2);
INSERT INTO GE_TIPO_EVENTO VALUES(5,'Distritales','A',2);
INSERT INTO GE_TIPO_EVENTO VALUES(6,'Medios televisivos','A',3);
INSERT INTO GE_TIPO_EVENTO VALUES(7,'Medios radiales','A',3);
INSERT INTO GE_TIPO_EVENTO VALUES(8,'Medios virtuales','A',3);

/* SECTORES */

INSERT INTO GE_SECTOR VALUES(1,'Electricidad','ELC','A');
INSERT INTO GE_SECTOR VALUES(2,'Hidrocarburos','HDC','A');
INSERT INTO GE_SECTOR VALUES(3,'Minería','MIN','A');

/* PERSONAS */

INSERT INTO GE_PERSONA  VALUES (1, 'Lucy', 'Campos Castillo', 'D', '76353961', '976 647 998', 'lcamposc@gmail.com', 'A', TO_DATE('1980-02-10', 'YYYY-MM-DD'));
INSERT INTO GE_PERSONA  VALUES (2, 'Cameron', 'Onnell', 'C', '003414895', '+01(0)1136444340', 'c.onnell@gmail.com', 'A', TO_DATE('1950-05-02', 'YYYY-MM-DD'));
INSERT INTO GE_PERSONA  VALUES (3, 'Fredy', 'Romero Aliaga', 'D', '44990583', '998 562 001', 'fromero@yahoo.com', 'A', TO_DATE('2000-01-22', 'YYYY-MM-DD'));
INSERT INTO GE_PERSONA  VALUES (4, 'Jonas', 'Wisozk', 'C', '006423766', '+01(0)2136454330', 'khalid.king@yahoo.com', 'A', TO_DATE('1987-02-15', 'YYYY-MM-DD'));
INSERT INTO GE_PERSONA  VALUES (5, 'Cayla', 'Quispe Camacho', 'D', '65985784', '999 764 009', 'c.quispe@hotmail.com', 'A', TO_DATE('1977-02-10', 'YYYY-MM-DD'));
INSERT INTO GE_PERSONA  VALUES (6, 'Jorge', 'Cabana Salas', 'D', '51596742', '912 942 987', 'j.cabana22@gmail.com', 'A', TO_DATE('1940-12-09', 'YYYY-MM-DD'));
INSERT INTO GE_PERSONA  VALUES (7, 'Angie', 'Ponce Campos', 'D', '62142632', '908 691 775', 'sborer@yahoo.com', 'A', TO_DATE('1990-11-22', 'YYYY-MM-DD'));
INSERT INTO GE_PERSONA  VALUES (8, 'Rocky', 'Flores García', 'D', '48024550', '992 223 112', 'r.flores34@yahoo.com', 'A', TO_DATE('1990-01-18', 'YYYY-MM-DD'));
INSERT INTO GE_PERSONA  VALUES (9, 'Karen', 'Mamani Chávez', 'D', '77184428', '907 451 118', 'karen.maman2002@gmail.com', 'A', TO_DATE('1992-02-12', 'YYYY-MM-DD'));
INSERT INTO GE_PERSONA  VALUES (10, 'Adelle', 'Schmitt', 'C', '025653011', '(218)286-3990x98615', 'adelle24@hotmail.com', 'A', TO_DATE('1970-04-10', 'YYYY-MM-DD'));
INSERT INTO GE_PERSONA  VALUES (11, 'Laverna', 'Haley', 'C', '004734607', '563-584-3915x7801', 'laverna69@hotmail.com', 'A', TO_DATE('1980-06-11', 'YYYY-MM-DD'));
INSERT INTO GE_PERSONA  VALUES (12, 'Cassandra', 'Mendoza Ramos', 'D', '58082469', '999 274 186', 'c.mendoza23@gmail.com', 'A', TO_DATE('1984-03-30', 'YYYY-MM-DD'));
INSERT INTO GE_PERSONA  VALUES (13, 'Samuel', 'Díaz Espinoza', 'D', '29124087', '983 670 274', 'samuel.diaz@yahoo.com', 'A', TO_DATE('1994-01-20', 'YYYY-MM-DD'));
INSERT INTO GE_PERSONA  VALUES (14, 'Dylan', 'Moen', 'C', '003454659', '(497)782-5589x6453', 'maya76@yahoo.com', 'A', TO_DATE('2001-11-02', 'YYYY-MM-DD'));
INSERT INTO GE_PERSONA  VALUES (15, 'Felipa', 'Torres Gonzales', 'D', '20429808', '997 836 987', 'f.torres@hotmail.com', 'A', TO_DATE('1988-05-12', 'YYYY-MM-DD'));
INSERT INTO GE_PERSONA  VALUES (16, 'Mafalda', 'Reyes Castro', 'D', '46679917', '923 862 900', 'mreyes@yahoo.com', 'A', TO_DATE('1999-12-09', 'YYYY-MM-DD'));
INSERT INTO GE_PERSONA  VALUES (17, 'Marvin', 'Condori Rivera', 'D', '40070990', '900 673 290', 'mcondori@yahoo.com', 'A', TO_DATE('2000-12-18', 'YYYY-MM-DD'));
INSERT INTO GE_PERSONA  VALUES (18, 'Luis', 'Reyes Espinoza', 'D', '44694140', '(64)34-3402', 'lreyes31@yahoo.com', 'A', TO_DATE('1999-05-15', 'YYYY-MM-DD'));
INSERT INTO GE_PERSONA  VALUES (19, 'Juan', 'Silva Aguilar', 'D', '76837530', '993 451 278', 'j.aguilar@gmail.com', 'A', TO_DATE('1950-05-22', 'YYYY-MM-DD'));
INSERT INTO GE_PERSONA  VALUES (20, 'Iliana', 'Bergnaum', 'C', '006779157', '1-468-077-5952', 'i.bergnaum@yahoo.com', 'A', TO_DATE('1980-06-07', 'YYYY-MM-DD'));

/* EVENTOS */

INSERT INTO GE_EVENTO VALUES(1,'Seminario TIC', 'Tecnologías de Información', 'Capacitar en el uso de las TICs', TO_DATE('2021-04-15 10:00', 'YYYY-MM-DD HH24:MI'),NULL, '021801','-9.07444','-78.5936','Av. Bolivar 202',1,1,5,'0',NULL,3,'Director','F');
INSERT INTO GE_EVENTO VALUES(2,'Seminario I+D', 'Investigación y Desarrollo', 'Aumentar Productividad', TO_DATE('2021-04-21 08:30', 'YYYY-MM-DD HH24:MI'),NULL, '010101','-6.22944','-77.8725','Jr. Puno 105',1,2,4,'0',NULL,18,'Administrador','F');
INSERT INTO GE_EVENTO VALUES(3,'Reunión de Consejo', 'Construcción de Puente', 'Planificar la construcción del puente', TO_DATE('2021-05-05 09:00', 'YYYY-MM-DD HH24:MI'),NULL, '020101','-9.5275','-77.5333','Av. Lima 1105',5,3,4,'0',NULL,5,'Regidor','P');
INSERT INTO GE_EVENTO VALUES(4,'Entrevistas a Autoridades', 'Entrevista al Alcalde de Corongo', 'Conocer las necesidades del distrito de Corongo', TO_DATE('2021-05-01 15:00', 'YYYY-MM-DD HH24:MI'),NULL, '020901',' -8.56861','-77.8967','-',6,1,12,'1','meet.google.com/xx-78wi-ii',2,'Periodista','F');
INSERT INTO GE_EVENTO VALUES(5,'Seminario Virtual de Minería', 'Impacto de la explotación minera', 'Explicar el impacto cauado por la explotación minera', TO_DATE('2021-05-12 16:00', 'YYYY-MM-DD HH24:MI'),NULL, '020109',' -9.56861','-78.2367','-',1,3,20,'1','meet.google.com/zz-34wi-jj',10,'Geóloga','P');

/* PERSONAS POR EVENTO */

INSERT INTO GE_PERSONA_EVENTO VALUES(1,3,'A');
INSERT INTO GE_PERSONA_EVENTO VALUES(1,1,'N');
INSERT INTO GE_PERSONA_EVENTO VALUES(1,4,'A');
INSERT INTO GE_PERSONA_EVENTO VALUES(1,6,'N');
INSERT INTO GE_PERSONA_EVENTO VALUES(1,7,'A');

INSERT INTO GE_PERSONA_EVENTO VALUES(2,18,'A');
INSERT INTO GE_PERSONA_EVENTO VALUES(2,11,'A');
INSERT INTO GE_PERSONA_EVENTO VALUES(2,15,'A');
INSERT INTO GE_PERSONA_EVENTO VALUES(2,17,'A');

INSERT INTO GE_PERSONA_EVENTO VALUES(3,5,'A');
INSERT INTO GE_PERSONA_EVENTO VALUES(3,12,'A');
INSERT INTO GE_PERSONA_EVENTO VALUES(3,19,'A');
INSERT INTO GE_PERSONA_EVENTO VALUES(3,20,'N');


INSERT INTO GE_PERSONA_EVENTO VALUES(4,2,'A');
INSERT INTO GE_PERSONA_EVENTO VALUES(4,19,'A');
INSERT INTO GE_PERSONA_EVENTO VALUES(4,20,'A');
INSERT INTO GE_PERSONA_EVENTO VALUES(4,11,'A');
INSERT INTO GE_PERSONA_EVENTO VALUES(4,4,'A');
INSERT INTO GE_PERSONA_EVENTO VALUES(4,6,'A');
INSERT INTO GE_PERSONA_EVENTO VALUES(4,18,'A');
INSERT INTO GE_PERSONA_EVENTO VALUES(4,1,'A');
INSERT INTO GE_PERSONA_EVENTO VALUES(4,14,'N');
INSERT INTO GE_PERSONA_EVENTO VALUES(4,15,'N');


INSERT INTO GE_PERSONA_EVENTO VALUES(5,10,'R');
INSERT INTO GE_PERSONA_EVENTO VALUES(5,7,'R');
INSERT INTO GE_PERSONA_EVENTO VALUES(5,17,'R');
INSERT INTO GE_PERSONA_EVENTO VALUES(5,11,'R');
INSERT INTO GE_PERSONA_EVENTO VALUES(5,19,'R');