-- Tabla PRODUCTO 
INSERT INTO PRODUCTO (ID_PRODUCTO, NOMBRE, PRECIO, STOCK) VALUES (1,'Arroz 1kg. Costeño', 3,10); 
INSERT INTO PRODUCTO (ID_PRODUCTO, NOMBRE, PRECIO, STOCK) VALUES (2,'Azúcar Rubia 1kg', 2,8);
INSERT INTO PRODUCTO (ID_PRODUCTO, NOMBRE, PRECIO, STOCK) VALUES (3, 'Galleta soda', 1,20); 
INSERT INTO PRODUCTO (ID_PRODUCTO, NOMBRE, PRECIO, STOCK) VALUES (4, 'Chocolate Sublime', 1,3); 
INSERT INTO PRODUCTO (ID_PRODUCTO, NOMBRE, PRECIO, STOCK) VALUES (5, 'Shampoo', 16,2); 

-- Tabla CLIENTE 
INSERT INTO CLIENTE (ID_CLIENTE, APE_PATERNO, APE_MATERNO, NOMBRE,TIP_DOCUMENTO, NUM_DOCUMENTO, FECHA_NACIMIENTO) VALUES (1, 'Perez', 'Garcia', 'Rosa', '01', '40897410', to_date('15/06/1976', 'dd/mm/yyyy'));
INSERT INTO CLIENTE (ID_CLIENTE, APE_PATERNO, APE_MATERNO, NOMBRE,TIP_DOCUMENTO, NUM_DOCUMENTO, FECHA_NACIMIENTO) VALUES (2, 'Prado', 'Garcia', 'Maria', '01', '07925529', to_date('10/01/1956', 'dd/mm/yyyy'));
INSERT INTO CLIENTE (ID_CLIENTE, APE_PATERNO, APE_MATERNO, NOMBRE,TIP_DOCUMENTO, NUM_DOCUMENTO, FECHA_NACIMIENTO) VALUES (3, 'Zupe', 'Alvarado', 'Anna', '04', '123456789012', to_date('09/03/1980', 'dd/mm/yyyy'));

-- Tabla VENTA 
INSERT INTO VENTA (ID_VENTA, ID_CLIENTE, FECHA_VENTA) VALUES(1,3,to_date('01/08/2019', 'dd/mm/yyyy'));
INSERT INTO VENTA (ID_VENTA, ID_CLIENTE, FECHA_VENTA) VALUES(2,2,to_date('30/09/2019', 'dd/mm/yyyy'));
INSERT INTO VENTA (ID_VENTA, ID_CLIENTE, FECHA_VENTA) VALUES(3,3,to_date('15/08/2019', 'dd/mm/yyyy'));
INSERT INTO VENTA (ID_VENTA, ID_CLIENTE, FECHA_VENTA) VALUES(4,3,to_date('01/02/2020', 'dd/mm/yyyy'));
INSERT INTO VENTA (ID_VENTA, ID_CLIENTE, FECHA_VENTA) VALUES(5,2,to_date('23/12/2019', 'dd/mm/yyyy'));

-- Tabla DETALLE_VENTA 
INSERT INTO DETALLE_VENTA (ID_DETALLE_VENTA, ID_PRODUCTO, CANTIDAD, TOTAL, ID_VENTA) VALUES(1,5,1,3,1);
INSERT INTO DETALLE_VENTA (ID_DETALLE_VENTA, ID_PRODUCTO, CANTIDAD, TOTAL, ID_VENTA) VALUES(2,2,2,4,1);
INSERT INTO DETALLE_VENTA (ID_DETALLE_VENTA, ID_PRODUCTO, CANTIDAD, TOTAL, ID_VENTA) VALUES(3,1,2,6,2);
INSERT INTO DETALLE_VENTA (ID_DETALLE_VENTA, ID_PRODUCTO, CANTIDAD, TOTAL, ID_VENTA) VALUES(4,2,2,4,3);
INSERT INTO DETALLE_VENTA (ID_DETALLE_VENTA, ID_PRODUCTO, CANTIDAD, TOTAL, ID_VENTA) VALUES(5,5,1,16,4);
INSERT INTO DETALLE_VENTA (ID_DETALLE_VENTA, ID_PRODUCTO, CANTIDAD, TOTAL, ID_VENTA) VALUES(6,2,2,4,5);
INSERT INTO DETALLE_VENTA (ID_DETALLE_VENTA, ID_PRODUCTO, CANTIDAD, TOTAL, ID_VENTA) VALUES(7,4,1,1,5);
INSERT INTO DETALLE_VENTA (ID_DETALLE_VENTA, ID_PRODUCTO, CANTIDAD, TOTAL, ID_VENTA) VALUES(8,3,3,9,5);

INSERT INTO PRODUCTO (ID_PRODUCTO, NOMBRE, PRECIO, STOCK) VALUES (6, 'Pañales Babysec', 29,4);
INSERT INTO PRODUCTO (ID_PRODUCTO, NOMBRE, PRECIO, STOCK) VALUES (7, 'Pañales Tena', 34,4);
INSERT INTO PRODUCTO (ID_PRODUCTO, NOMBRE, PRECIO, STOCK) VALUES (8, 'Desodorante', 2,5);
INSERT INTO PRODUCTO (ID_PRODUCTO, NOMBRE, PRECIO, STOCK) VALUES (9, 'Vitamina C',3,5);

INSERT INTO CUPON (ID_CUPON, NOMBRE, DESCRIPCION, FECHA_VIGENCIA_INI, FECHA_VIGENCIA_FIN, ID_PRODUCTO) VALUES(1,'Cupon Todo Pañales Bebe','15% Dscto. en pañales', to_date('01/08/2019', 'dd/mm/yyyy'),to_date('01/09/2019', 'dd/mm/yyyy'),6);
INSERT INTO CUPON (ID_CUPON, NOMBRE, DESCRIPCION, FECHA_VIGENCIA_INI, FECHA_VIGENCIA_FIN, ID_PRODUCTO) VALUES(2,'Cupon Todo Pañales Adulto','10% Dscto. en pañales', to_date('01/08/2019', 'dd/mm/yyyy'),to_date('01/09/2019', 'dd/mm/yyyy'),7);
INSERT INTO CUPON (ID_CUPON, NOMBRE, DESCRIPCION, FECHA_VIGENCIA_INI, FECHA_VIGENCIA_FIN, ID_PRODUCTO) VALUES(3,'Cupon Mes de mamá','20% Dscto. en Limpieza personal', to_date('01/05/2019', 'dd/mm/yyyy'),to_date('31/05/2019', 'dd/mm/yyyy'),8);
INSERT INTO CUPON (ID_CUPON, NOMBRE, DESCRIPCION, FECHA_VIGENCIA_INI, FECHA_VIGENCIA_FIN, ID_PRODUCTO) VALUES(4,'Cupon Todo Vitamina','25% Dscto. en Pro Vit. C', to_date('01/09/2019', 'dd/mm/yyyy'),to_date('31/10/2019', 'dd/mm/yyyy'),9);