/* EMPLEADOS */
INSERT INTO EMPLEADOS VALUES( '12345','Jose', 'Mercé','López', '1500','C/Sol, 1', 'C/ Otra,
1', 'Cádiz','11000', 'H', '5/01/74', 'Cádiz');
INSERT INTO EMPLEADOS VALUES( '22222','María', 'Rosal','Cózar','2000', '', '',
'Ubrique','11600', 'M', '', '');
INSERT INTO EMPLEADOS VALUES( '33333','Pilar', 'Pérez','Rollán','1000', '', '', 'Cádiz','11600',
'M', '2/8/73', 'Cádiz');
/* DEPARTAMENTOS */
INSERT INTO DEPARTAMENTOS VALUES( '001', 'INFORMÁTICA', '33333', 80000, 50000);
/* UNIVERSIDADES */
INSERT INTO UNIVERSIDADES VALUES('0001', 'UNED', 'MADRID', 'M', '41420');
INSERT INTO UNIVERSIDADES VALUES('0002', 'SEVILLA', 'SEVILLA', '', '55555');
INSERT INTO UNIVERSIDADES VALUES('0003', 'CÁDIZ', 'CÁDIZ', '', '11000');
/* ESTUDIOS */
INSERT INTO ESTUDIOS VALUES( '12345', '0001', '1992', 'MED', 'ADMINISTRATIVO');
INSERT INTO ESTUDIOS VALUES( '22222', '0001', '1998', 'SUP', 'ING INFORMÁTICA');
INSERT INTO ESTUDIOS VALUES( '33333', '0002', '1997', 'SUP', 'LIC INFORMÁTICA');
/* HISTORIAL SALARIAL */
INSERT INTO HISTORIAL_SALARIAL VALUES( '12345', 950, '5/01/2003', '');
INSERT INTO HISTORIAL_SALARIAL VALUES( '22222', 1000, '3/11/2004', '3/11/2005');
INSERT INTO HISTORIAL_SALARIAL VALUES( '22222', 1500, '3/11/2005', '');
INSERT INTO HISTORIAL_SALARIAL VALUES( '33333',1600, '15/01/2001', '');
/* HISTORIAL LABORAL */
INSERT INTO HISTORIAL_LABORAL VALUES( '12345', '001', '5/01/2003','', '0001', '33333');
INSERT INTO HISTORIAL_LABORAL VALUES( '22222', '003', '3/11/2004', '3/11/2005', '001','33333');
INSERT INTO HISTORIAL_LABORAL VALUES( '22222', '003', '3/11/2005', '', '001', '33333');
INSERT INTO HISTORIAL_LABORAL VALUES( '33333','004', '15/01/2001', '', '001', '33333');