-- Tabla PRODUCTO 
INSERT INTO PRODUCTO (ID_PRODUCTO, NOMBRE, PRECIO, STOCK) VALUES (1,'Arroz 1kg. Costeño', 3,10); 
INSERT INTO PRODUCTO (ID_PRODUCTO, NOMBRE, PRECIO, STOCK) VALUES (2,'Azúcar Rubia 1kg', 2,8);
INSERT INTO PRODUCTO (ID_PRODUCTO, NOMBRE, PRECIO, STOCK) VALUES (3, 'Galleta soda', 1,20); 
INSERT INTO PRODUCTO (ID_PRODUCTO, NOMBRE, PRECIO, STOCK) VALUES (4, 'Chocolate Sublime', 1,3); 
INSERT INTO PRODUCTO (ID_PRODUCTO, NOMBRE, PRECIO, STOCK) VALUES (5, 'Shampoo', 16,2); 

-- Tabla CLIENTE 
INSERT INTO CLIENTE (ID_CLIENTE, APE_PATERNO, APE_MATERNO, NOMBRE, FECHA_NACIMIENTO) VALUES (1, 'Perez', 'Garcia', 'Rosa', to_date('15/06/1976', 'dd/mm/yyyy'));
INSERT INTO CLIENTE (ID_CLIENTE, APE_PATERNO, APE_MATERNO, NOMBRE, FECHA_NACIMIENTO) VALUES (2, 'Prado', 'Garcia', 'Maria', to_date('10/01/1956', 'dd/mm/yyyy'));
INSERT INTO CLIENTE (ID_CLIENTE, APE_PATERNO, APE_MATERNO, NOMBRE, FECHA_NACIMIENTO) VALUES (3, 'Zupe', 'Alvarado', 'Anna', to_date('09/03/1980', 'dd/mm/yyyy'));

-- Tabla VENTA 
INSERT INTO VENTA (ID_VENTA, ID_CLIENTE, FECHA_VENTA) VALUES(1,3,to_date('01/08/2019', 'dd/mm/yyyy'));
INSERT INTO VENTA (ID_VENTA, ID_CLIENTE, FECHA_VENTA) VALUES(2,2,to_date('30/09/2019', 'dd/mm/yyyy'));
INSERT INTO VENTA (ID_VENTA, ID_CLIENTE, FECHA_VENTA) VALUES(3,3,to_date('15/08/2019', 'dd/mm/yyyy'));
INSERT INTO VENTA (ID_VENTA, ID_CLIENTE, FECHA_VENTA) VALUES(4,3,to_date('01/02/2020', 'dd/mm/yyyy'));
INSERT INTO VENTA (ID_VENTA, ID_CLIENTE, FECHA_VENTA) VALUES(5,2,to_date('23/12/2019', 'dd/mm/yyyy'));

-- Tabla DETALLE_VENTA 
INSERT INTO DETALLE_VENTA (ID_DETALLE_VENTA, ID_PRODUCTO, CANTIDAD, TOTAL, ID_VENTA) VALUES(1,5,1,3,1);
INSERT INTO DETALLE_VENTA (ID_DETALLE_VENTA, ID_PRODUCTO, CANTIDAD, TOTAL, ID_VENTA) VALUES(2,2,2,4,1);
INSERT INTO DETALLE_VENTA (ID_DETALLE_VENTA, ID_PRODUCTO, CANTIDAD, TOTAL, ID_VENTA) VALUES(3,1,2,6,2);
INSERT INTO DETALLE_VENTA (ID_DETALLE_VENTA, ID_PRODUCTO, CANTIDAD, TOTAL, ID_VENTA) VALUES(4,2,2,4,3);
INSERT INTO DETALLE_VENTA (ID_DETALLE_VENTA, ID_PRODUCTO, CANTIDAD, TOTAL, ID_VENTA) VALUES(5,5,1,16,4);
INSERT INTO DETALLE_VENTA (ID_DETALLE_VENTA, ID_PRODUCTO, CANTIDAD, TOTAL, ID_VENTA) VALUES(6,2,2,4,5);
INSERT INTO DETALLE_VENTA (ID_DETALLE_VENTA, ID_PRODUCTO, CANTIDAD, TOTAL, ID_VENTA) VALUES(7,4,1,1,5);
INSERT INTO DETALLE_VENTA (ID_DETALLE_VENTA, ID_PRODUCTO, CANTIDAD, TOTAL, ID_VENTA) VALUES(8,3,3,9,5);