-- Tabla PRODUCTO 
INSERT INTO PRODUCTO (ID_PRODUCTO, NOMBRE, PRECIO, STOCK) VALUES (1,'Arroz 1kg. Costeño', 3.5, 100); 
INSERT INTO PRODUCTO (ID_PRODUCTO, NOMBRE, PRECIO, STOCK) VALUES (2,'Azúcar Rubia 1kg', 2.8, 80);
INSERT INTO PRODUCTO (ID_PRODUCTO, NOMBRE, PRECIO, STOCK) VALUES (3,'Galleta Soda', 1.2, 200); 
INSERT INTO PRODUCTO (ID_PRODUCTO, NOMBRE, PRECIO, STOCK) VALUES (4,'Chocolate Sublime', 1.5, 30); 
INSERT INTO PRODUCTO (ID_PRODUCTO, NOMBRE, PRECIO, STOCK) VALUES (5,'Shampoo', 16, 20); 
INSERT INTO PRODUCTO (ID_PRODUCTO, NOMBRE, PRECIO, STOCK) VALUES (6,'Leche', 4.7, 35);
INSERT INTO PRODUCTO (ID_PRODUCTO, NOMBRE, PRECIO, STOCK) VALUES (7,'Harina', 6.5, 40);
INSERT INTO PRODUCTO (ID_PRODUCTO, NOMBRE, PRECIO, STOCK) VALUES (8,'Fideo Spaguetti', 2.3, 20);
INSERT INTO PRODUCTO (ID_PRODUCTO, NOMBRE, PRECIO, STOCK) VALUES (9,'Aceite', 7.5, 15);
INSERT INTO PRODUCTO (ID_PRODUCTO, NOMBRE, PRECIO, STOCK) VALUES (10,'Jabón de Tocador', 3.8, 18);


-- Tabla CLIENTE 
INSERT INTO CLIENTE (ID_CLIENTE, APE_PATERNO, APE_MATERNO, NOMBRE, SEXO, FECHA_NACIMIENTO) 
VALUES (1, 'Perez', 'Garcia', 'Rosa', 'F', to_date('15/06/1976', 'dd/mm/yyyy'));
INSERT INTO CLIENTE (ID_CLIENTE, APE_PATERNO, APE_MATERNO, NOMBRE, SEXO, FECHA_NACIMIENTO) 
VALUES (2, 'Prado', 'Gonzales', 'Marco', 'M', to_date('10/01/1956', 'dd/mm/yyyy'));
INSERT INTO CLIENTE (ID_CLIENTE, APE_PATERNO, APE_MATERNO, NOMBRE, SEXO, FECHA_NACIMIENTO) 
VALUES (3, 'Zupe', 'Alvarado', 'Ana', 'F', to_date('09/03/1980', 'dd/mm/yyyy'));
INSERT INTO CLIENTE (ID_CLIENTE, APE_PATERNO, APE_MATERNO, NOMBRE, SEXO, FECHA_NACIMIENTO) 
VALUES (4, 'Cuba', 'Linares', 'Jorge', 'M', to_date('11/02/1968', 'dd/mm/yyyy'));
INSERT INTO CLIENTE (ID_CLIENTE, APE_PATERNO, APE_MATERNO, NOMBRE, SEXO, FECHA_NACIMIENTO) 
VALUES (5, 'Peralta', 'Gutierrez', 'Maria', 'F', to_date('19/7/1995', 'dd/mm/yyyy'));


-- Tabla VENTA 
INSERT INTO VENTA (ID_VENTA, ID_CLIENTE, FECHA_VENTA) VALUES(1, 3, to_date('14/10/2020', 'dd/mm/yyyy'));
INSERT INTO VENTA (ID_VENTA, ID_CLIENTE, FECHA_VENTA) VALUES(2, 2, to_date('14/10/2020', 'dd/mm/yyyy'));
INSERT INTO VENTA (ID_VENTA, ID_CLIENTE, FECHA_VENTA) VALUES(3, 1, to_date('15/10/2020', 'dd/mm/yyyy'));
INSERT INTO VENTA (ID_VENTA, ID_CLIENTE, FECHA_VENTA) VALUES(4, 3, to_date('16/10/2020', 'dd/mm/yyyy'));
INSERT INTO VENTA (ID_VENTA, ID_CLIENTE, FECHA_VENTA) VALUES(5, 4, to_date('17/10/2020', 'dd/mm/yyyy'));
INSERT INTO VENTA (ID_VENTA, ID_CLIENTE, FECHA_VENTA) VALUES(6, 5, to_date('17/10/2020', 'dd/mm/yyyy'));
INSERT INTO VENTA (ID_VENTA, ID_CLIENTE, FECHA_VENTA) VALUES(7, 4, to_date('18/10/2020', 'dd/mm/yyyy'));
INSERT INTO VENTA (ID_VENTA, ID_CLIENTE, FECHA_VENTA) VALUES(8, 3, to_date('18/10/2020', 'dd/mm/yyyy'));


-- Tabla DETALLE_VENTA 
INSERT INTO DETALLE_VENTA (ID_DETALLE_VENTA, ID_VENTA, ID_PRODUCTO, CANTIDAD, TOTAL) VALUES (1, 1, 6, 2, 9.4);
INSERT INTO DETALLE_VENTA (ID_DETALLE_VENTA, ID_VENTA, ID_PRODUCTO, CANTIDAD, TOTAL) VALUES (2, 1, 1, 1, 3.5);
INSERT INTO DETALLE_VENTA (ID_DETALLE_VENTA, ID_VENTA, ID_PRODUCTO, CANTIDAD, TOTAL) VALUES (3, 2, 2, 2, 5.6);
INSERT INTO DETALLE_VENTA (ID_DETALLE_VENTA, ID_VENTA, ID_PRODUCTO, CANTIDAD, TOTAL) VALUES (4, 3, 5, 1, 16);
INSERT INTO DETALLE_VENTA (ID_DETALLE_VENTA, ID_VENTA, ID_PRODUCTO, CANTIDAD, TOTAL) VALUES (5, 3, 7, 2, 13);
INSERT INTO DETALLE_VENTA (ID_DETALLE_VENTA, ID_VENTA, ID_PRODUCTO, CANTIDAD, TOTAL) VALUES (6, 3, 1, 3, 10.5);
INSERT INTO DETALLE_VENTA (ID_DETALLE_VENTA, ID_VENTA, ID_PRODUCTO, CANTIDAD, TOTAL) VALUES (7, 4, 3, 5, 6);
INSERT INTO DETALLE_VENTA (ID_DETALLE_VENTA, ID_VENTA, ID_PRODUCTO, CANTIDAD, TOTAL) VALUES (8, 4, 7, 1, 6.5);
INSERT INTO DETALLE_VENTA (ID_DETALLE_VENTA, ID_VENTA, ID_PRODUCTO, CANTIDAD, TOTAL) VALUES (9, 5, 8, 3, 6.9);
INSERT INTO DETALLE_VENTA (ID_DETALLE_VENTA, ID_VENTA, ID_PRODUCTO, CANTIDAD, TOTAL) VALUES (10, 5, 3, 2, 2.4);
INSERT INTO DETALLE_VENTA (ID_DETALLE_VENTA, ID_VENTA, ID_PRODUCTO, CANTIDAD, TOTAL) VALUES (11, 5, 9, 2, 15);
INSERT INTO DETALLE_VENTA (ID_DETALLE_VENTA, ID_VENTA, ID_PRODUCTO, CANTIDAD, TOTAL) VALUES (12, 5, 2, 5, 14);
INSERT INTO DETALLE_VENTA (ID_DETALLE_VENTA, ID_VENTA, ID_PRODUCTO, CANTIDAD, TOTAL) VALUES (13, 6, 4, 2, 3);
INSERT INTO DETALLE_VENTA (ID_DETALLE_VENTA, ID_VENTA, ID_PRODUCTO, CANTIDAD, TOTAL) VALUES (14, 7, 9, 2, 15);
INSERT INTO DETALLE_VENTA (ID_DETALLE_VENTA, ID_VENTA, ID_PRODUCTO, CANTIDAD, TOTAL) VALUES (15, 7, 3, 3, 3.6);
INSERT INTO DETALLE_VENTA (ID_DETALLE_VENTA, ID_VENTA, ID_PRODUCTO, CANTIDAD, TOTAL) VALUES (16, 8, 10, 4, 15.2);


