INSERT INTO HE_SABOR (ID_SABOR, NOMBRE, DESCRIPCION, STOCK, ESTADO) VALUES
(1, 'Fresa', 'Sabor fresa', 6.0, 'A');
INSERT INTO HE_SABOR (ID_SABOR, NOMBRE, DESCRIPCION, STOCK, ESTADO) VALUES
(2, 'Chocolate', 'Sabor chocolate', 12.0, 'A');
INSERT INTO HE_SABOR (ID_SABOR, NOMBRE, DESCRIPCION, STOCK, ESTADO) VALUES
(3, 'Vainilla', 'Sabor vainilla', 4.2, 'A');
INSERT INTO HE_SABOR (ID_SABOR, NOMBRE, DESCRIPCION, STOCK, ESTADO) VALUES
(4, 'Capucchino', 'Sabor capucchino', 12.0, 'A');
INSERT INTO HE_SABOR (ID_SABOR, NOMBRE, DESCRIPCION, STOCK, ESTADO) VALUES
(5, 'Frutas secas', 'Sabor frutas secas', 3.0, 'A');
INSERT INTO HE_SABOR (ID_SABOR, NOMBRE, DESCRIPCION, STOCK, ESTADO) VALUES
(6, 'Mango', 'Sabor mango', 0.6, 'A');
INSERT INTO HE_SABOR (ID_SABOR, NOMBRE, DESCRIPCION, STOCK, ESTADO) VALUES
(7, 'Coco', 'Sabor coco', 0.0, 'D');
INSERT INTO HE_SABOR (ID_SABOR, NOMBRE, DESCRIPCION, STOCK, ESTADO) VALUES
(8, 'Manjar blanco', 'Sabor manjar blanco', 0.0, 'D');

INSERT INTO HE_ORDEN_PRODUCCION (ID_ORDEN_PRODUCCION, ID_SABOR, CANTIDAD, FECHA_HORA_REGISTRO, FECHA_HORA_TERM_PLANIF, FECHA_HORA_TERM_REAL, ESTADO) VALUES
(1, 1, 6, TO_DATE('24/01/2023', 'DD/MM/YYYY'), TO_DATE('26/01/2023', 'DD/MM/YYYY'), TO_DATE('28/01/2023', 'DD/MM/YYYY'), 'T');
INSERT INTO HE_ORDEN_PRODUCCION (ID_ORDEN_PRODUCCION, ID_SABOR, CANTIDAD, FECHA_HORA_REGISTRO, FECHA_HORA_TERM_PLANIF, FECHA_HORA_TERM_REAL, ESTADO) VALUES
(2, 2, 12, TO_DATE('24/01/2023', 'DD/MM/YYYY'), TO_DATE('26/01/2023', 'DD/MM/YYYY'), TO_DATE('25/01/2023', 'DD/MM/YYYY'), 'S');
INSERT INTO HE_ORDEN_PRODUCCION (ID_ORDEN_PRODUCCION, ID_SABOR, CANTIDAD, FECHA_HORA_REGISTRO, FECHA_HORA_TERM_PLANIF, FECHA_HORA_TERM_REAL, ESTADO) VALUES
(3, 3, 18, TO_DATE('25/01/2023', 'DD/MM/YYYY'), TO_DATE('28/01/2023', 'DD/MM/YYYY'), NULL, 'S');
INSERT INTO HE_ORDEN_PRODUCCION (ID_ORDEN_PRODUCCION, ID_SABOR, CANTIDAD, FECHA_HORA_REGISTRO, FECHA_HORA_TERM_PLANIF, FECHA_HORA_TERM_REAL, ESTADO) VALUES
(4, 4, 13, TO_DATE('25/01/2023', 'DD/MM/YYYY'), TO_DATE('28/01/2023', 'DD/MM/YYYY'), TO_DATE('29/01/2023', 'DD/MM/YYYY'), 'T');
INSERT INTO HE_ORDEN_PRODUCCION (ID_ORDEN_PRODUCCION, ID_SABOR, CANTIDAD, FECHA_HORA_REGISTRO, FECHA_HORA_TERM_PLANIF, FECHA_HORA_TERM_REAL, ESTADO) VALUES
(5, 6, 4, TO_DATE('25/01/2023', 'DD/MM/YYYY'), TO_DATE('28/01/2023', 'DD/MM/YYYY'), TO_DATE('30/01/2023', 'DD/MM/YYYY'), 'T');
INSERT INTO HE_ORDEN_PRODUCCION (ID_ORDEN_PRODUCCION, ID_SABOR, CANTIDAD, FECHA_HORA_REGISTRO, FECHA_HORA_TERM_PLANIF, FECHA_HORA_TERM_REAL, ESTADO) VALUES
(6, 1, 5, TO_DATE('26/01/2023', 'DD/MM/YYYY'), TO_DATE('28/01/2023', 'DD/MM/YYYY'), TO_DATE('30/01/2023', 'DD/MM/YYYY'), 'T');
INSERT INTO HE_ORDEN_PRODUCCION (ID_ORDEN_PRODUCCION, ID_SABOR, CANTIDAD, FECHA_HORA_REGISTRO, FECHA_HORA_TERM_PLANIF, FECHA_HORA_TERM_REAL, ESTADO) VALUES
(7, 2, 5, TO_DATE('26/01/2023', 'DD/MM/YYYY'), TO_DATE('28/01/2023', 'DD/MM/YYYY'), TO_DATE('30/01/2023', 'DD/MM/YYYY'), 'T');
INSERT INTO HE_ORDEN_PRODUCCION (ID_ORDEN_PRODUCCION, ID_SABOR, CANTIDAD, FECHA_HORA_REGISTRO, FECHA_HORA_TERM_PLANIF, FECHA_HORA_TERM_REAL, ESTADO) VALUES
(8, 8, 7, TO_DATE('27/01/2023', 'DD/MM/YYYY'), TO_DATE('28/01/2023', 'DD/MM/YYYY'), TO_DATE('30/01/2023', 'DD/MM/YYYY'), 'T');
INSERT INTO HE_ORDEN_PRODUCCION (ID_ORDEN_PRODUCCION, ID_SABOR, CANTIDAD, FECHA_HORA_REGISTRO, FECHA_HORA_TERM_PLANIF, FECHA_HORA_TERM_REAL, ESTADO) VALUES
(9, 4, 12, TO_DATE('27/01/2023', 'DD/MM/YYYY'), TO_DATE('28/01/2023', 'DD/MM/YYYY'), TO_DATE('30/01/2023', 'DD/MM/YYYY'), 'T');

INSERT INTO HE_POSTRE (ID_POSTRE, NOMBRE, DESCRIPCION, NUMERO_BOLAS, PRECIO, ESTADO) VALUES
(1, 'Cono 1 bola', 'Cono con 1 bola', 1, 1.5, 'A');
INSERT INTO HE_POSTRE (ID_POSTRE, NOMBRE, DESCRIPCION, NUMERO_BOLAS, PRECIO, ESTADO) VALUES
(2, 'Cono 2 bolas', 'Cono con 2 bolas', 2, 3.0, 'A');
INSERT INTO HE_POSTRE (ID_POSTRE, NOMBRE, DESCRIPCION, NUMERO_BOLAS, PRECIO, ESTADO) VALUES
(3, 'Cono 3 bolas', 'Cono con 3 bolas', 3, 4.5, 'A');
INSERT INTO HE_POSTRE (ID_POSTRE, NOMBRE, DESCRIPCION, NUMERO_BOLAS, PRECIO, ESTADO) VALUES
(4, 'Vaso 1 bola', 'Vaso con 1 bola', 1, 1.0, 'A');
INSERT INTO HE_POSTRE (ID_POSTRE, NOMBRE, DESCRIPCION, NUMERO_BOLAS, PRECIO, ESTADO) VALUES
(5, 'Vaso 2 bolas', 'Vaso con 2 bolas', 2, 2.0, 'A');
INSERT INTO HE_POSTRE (ID_POSTRE, NOMBRE, DESCRIPCION, NUMERO_BOLAS, PRECIO, ESTADO) VALUES
(6, 'Vaso 3 bolas', 'Vaso con 3 bolas', 3, 3.0, 'A');
INSERT INTO HE_POSTRE (ID_POSTRE, NOMBRE, DESCRIPCION, NUMERO_BOLAS, PRECIO, ESTADO) VALUES
(7, 'Oblea', '3 bolas de helado en una oblea', 3, 6.0, 'A');
INSERT INTO HE_POSTRE (ID_POSTRE, NOMBRE, DESCRIPCION, NUMERO_BOLAS, PRECIO, ESTADO) VALUES
(8, 'Crepe', 'Crepe con 2 bolas de helado', 2, 5.0, 'A');
INSERT INTO HE_POSTRE (ID_POSTRE, NOMBRE, DESCRIPCION, NUMERO_BOLAS, PRECIO, ESTADO) VALUES
(9, 'Banana Split', 'Platano rodeado con 4 bolas de helado', 4, 8.0, 'A');
INSERT INTO HE_POSTRE (ID_POSTRE, NOMBRE, DESCRIPCION, NUMERO_BOLAS, PRECIO, ESTADO) VALUES
(10, 'Copa Specjalny', 'Vaso con 10 bolas de helado y cerezas', 10, 16.0, 'A');

INSERT INTO HE_COMPLEMENTO_POSTRE (ID_COMPLEMENTO_POSTRE, NOMBRE, DESCRIPCION, STOCK, PRECIO) VALUES
(1, 'Fudge', 'Dulce de azucar con chocolate para cobertura', 20, 0.5);
INSERT INTO HE_COMPLEMENTO_POSTRE (ID_COMPLEMENTO_POSTRE, NOMBRE, DESCRIPCION, STOCK, PRECIO) VALUES
(2, 'Rollito de vainilla', 'Galleta dulce en forma de rollo de vainilla', 40, 1.0);
INSERT INTO HE_COMPLEMENTO_POSTRE (ID_COMPLEMENTO_POSTRE, NOMBRE, DESCRIPCION, STOCK, PRECIO) VALUES
(3, 'Lentejas Donofrio', 'Chocolares cubiertos con caramelo.', 30, 1.0);

INSERT INTO HE_CLIENTE (ID_CLIENTE, NOMBRES, APELLIDOS, DNI) VALUES
(1, 'Otto Glendon', 'Theo Monzen', '41671704');
INSERT INTO HE_CLIENTE (ID_CLIENTE, NOMBRES, APELLIDOS, DNI) VALUES
(2, 'Jorge', 'Fatama Vera', '10203040');
INSERT INTO HE_CLIENTE (ID_CLIENTE, NOMBRES, APELLIDOS, DNI) VALUES
(3, 'Juan', 'Perez Garcia', '12345678');
INSERT INTO HE_CLIENTE (ID_CLIENTE, NOMBRES, APELLIDOS, DNI) VALUES
(4, 'Mariana', 'Sanchez Murillo', '23456789');
INSERT INTO HE_CLIENTE (ID_CLIENTE, NOMBRES, APELLIDOS, DNI) VALUES
(5, 'Guillermo', 'Quispe Valero', '34567890');

INSERT INTO HE_PEDIDO (ID_PEDIDO, ID_CLIENTE, FECHA_PEDIDO, PRECIO) VALUES
(1, 1, TO_DATE('26/01/2023', 'DD/MM/YYYY'), 10.0);
INSERT INTO HE_PEDIDO (ID_PEDIDO, ID_CLIENTE, FECHA_PEDIDO, PRECIO) VALUES
(2, 2, TO_DATE('26/01/2023', 'DD/MM/YYYY'), 8.5);
INSERT INTO HE_PEDIDO (ID_PEDIDO, ID_CLIENTE, FECHA_PEDIDO, PRECIO) VALUES
(3, 1, TO_DATE('26/01/2023', 'DD/MM/YYYY'), 16.0);
INSERT INTO HE_PEDIDO (ID_PEDIDO, ID_CLIENTE, FECHA_PEDIDO, PRECIO) VALUES
(4, 3, TO_DATE('27/01/2023', 'DD/MM/YYYY'), 11.0);
INSERT INTO HE_PEDIDO (ID_PEDIDO, ID_CLIENTE, FECHA_PEDIDO, PRECIO) VALUES
(5, 4, TO_DATE('27/01/2023', 'DD/MM/YYYY'), 8.0);
INSERT INTO HE_PEDIDO (ID_PEDIDO, ID_CLIENTE, FECHA_PEDIDO, PRECIO) VALUES
(6, 5, TO_DATE('27/01/2023', 'DD/MM/YYYY'), 23.0);
INSERT INTO HE_PEDIDO (ID_PEDIDO, ID_CLIENTE, FECHA_PEDIDO, PRECIO) VALUES
(7, 2, TO_DATE('28/01/2023', 'DD/MM/YYYY'), 9.0);
INSERT INTO HE_PEDIDO (ID_PEDIDO, ID_CLIENTE, FECHA_PEDIDO, PRECIO) VALUES
(8, 2, TO_DATE('28/01/2023', 'DD/MM/YYYY'), 16.5);
INSERT INTO HE_PEDIDO (ID_PEDIDO, ID_CLIENTE, FECHA_PEDIDO, PRECIO) VALUES
(9, 3, TO_DATE('29/01/2023', 'DD/MM/YYYY'), 9.0);
INSERT INTO HE_PEDIDO (ID_PEDIDO, ID_CLIENTE, FECHA_PEDIDO, PRECIO) VALUES
(10, 3, TO_DATE('29/01/2023', 'DD/MM/YYYY'), 12.0);
INSERT INTO HE_PEDIDO (ID_PEDIDO, ID_CLIENTE, FECHA_PEDIDO, PRECIO) VALUES
(11, 5, TO_DATE('30/01/2023', 'DD/MM/YYYY'), 12.5);


INSERT INTO HE_PEDIDO_POSTRE (ID_PEDIDO_POSTRE, ID_PEDIDO, ID_POSTRE, ID_COMPLEMENTO_POSTRE) VALUES
(1, 1, 6, 2);
INSERT INTO HE_PEDIDO_POSTRE (ID_PEDIDO_POSTRE, ID_PEDIDO, ID_POSTRE, ID_COMPLEMENTO_POSTRE) VALUES
(2, 1, 8, 3);
INSERT INTO HE_PEDIDO_POSTRE (ID_PEDIDO_POSTRE, ID_PEDIDO, ID_POSTRE, ID_COMPLEMENTO_POSTRE) VALUES
(3, 2, 9, 1);
INSERT INTO HE_PEDIDO_POSTRE (ID_PEDIDO_POSTRE, ID_PEDIDO, ID_POSTRE) VALUES
(4, 3, 10);
INSERT INTO HE_PEDIDO_POSTRE (ID_PEDIDO_POSTRE, ID_PEDIDO, ID_POSTRE) VALUES
(5, 4, 3);
INSERT INTO HE_PEDIDO_POSTRE (ID_PEDIDO_POSTRE, ID_PEDIDO, ID_POSTRE, ID_COMPLEMENTO_POSTRE) VALUES
(6, 4, 7, 1);
INSERT INTO HE_PEDIDO_POSTRE (ID_PEDIDO_POSTRE, ID_PEDIDO, ID_POSTRE) VALUES
(7, 5, 9);
INSERT INTO HE_PEDIDO_POSTRE (ID_PEDIDO_POSTRE, ID_PEDIDO, ID_POSTRE, ID_COMPLEMENTO_POSTRE) VALUES
(8, 6, 10, 2);
INSERT INTO HE_PEDIDO_POSTRE (ID_PEDIDO_POSTRE, ID_PEDIDO, ID_POSTRE, ID_COMPLEMENTO_POSTRE) VALUES
(9, 6, 1, 1);
INSERT INTO HE_PEDIDO_POSTRE (ID_PEDIDO_POSTRE, ID_PEDIDO, ID_POSTRE, ID_COMPLEMENTO_POSTRE) VALUES
(10, 6, 2, 3);
INSERT INTO HE_PEDIDO_POSTRE (ID_PEDIDO_POSTRE, ID_PEDIDO, ID_POSTRE, ID_COMPLEMENTO_POSTRE) VALUES
(11, 7, 6, 2);
INSERT INTO HE_PEDIDO_POSTRE (ID_PEDIDO_POSTRE, ID_PEDIDO, ID_POSTRE) VALUES
(12, 7, 8);
INSERT INTO HE_PEDIDO_POSTRE (ID_PEDIDO_POSTRE, ID_PEDIDO, ID_POSTRE, ID_COMPLEMENTO_POSTRE) VALUES
(13, 8, 10, 1);
INSERT INTO HE_PEDIDO_POSTRE (ID_PEDIDO_POSTRE, ID_PEDIDO, ID_POSTRE) VALUES
(14, 9, 2);
INSERT INTO HE_PEDIDO_POSTRE (ID_PEDIDO_POSTRE, ID_PEDIDO, ID_POSTRE, ID_COMPLEMENTO_POSTRE) VALUES
(15, 9, 8, 3);
INSERT INTO HE_PEDIDO_POSTRE (ID_PEDIDO_POSTRE, ID_PEDIDO, ID_POSTRE) VALUES
(16, 10, 2);
INSERT INTO HE_PEDIDO_POSTRE (ID_PEDIDO_POSTRE, ID_PEDIDO, ID_POSTRE, ID_COMPLEMENTO_POSTRE) VALUES
(17, 10, 2, 1);
INSERT INTO HE_PEDIDO_POSTRE (ID_PEDIDO_POSTRE, ID_PEDIDO, ID_POSTRE, ID_COMPLEMENTO_POSTRE) VALUES
(18, 10, 3, 2);
INSERT INTO HE_PEDIDO_POSTRE (ID_PEDIDO_POSTRE, ID_PEDIDO, ID_POSTRE, ID_COMPLEMENTO_POSTRE) VALUES
(19, 11, 6, 1);
INSERT INTO HE_PEDIDO_POSTRE (ID_PEDIDO_POSTRE, ID_PEDIDO, ID_POSTRE, ID_COMPLEMENTO_POSTRE) VALUES
(20, 11, 9, 2);



INSERT INTO HE_PEDIDO_POSTRE_SABOR (ID_PEDIDO_POSTRE_SABOR, ID_PEDIDO_POSTRE, ID_SABOR, NUMERO_BOLAS) VALUES
(1, 1, 2, 2);
INSERT INTO HE_PEDIDO_POSTRE_SABOR (ID_PEDIDO_POSTRE_SABOR, ID_PEDIDO_POSTRE, ID_SABOR, NUMERO_BOLAS) VALUES
(2, 1, 3, 1);
INSERT INTO HE_PEDIDO_POSTRE_SABOR (ID_PEDIDO_POSTRE_SABOR, ID_PEDIDO_POSTRE, ID_SABOR, NUMERO_BOLAS) VALUES
(3, 2, 6, 2);
INSERT INTO HE_PEDIDO_POSTRE_SABOR (ID_PEDIDO_POSTRE_SABOR, ID_PEDIDO_POSTRE, ID_SABOR, NUMERO_BOLAS) VALUES
(4, 3, 1, 4);
INSERT INTO HE_PEDIDO_POSTRE_SABOR (ID_PEDIDO_POSTRE_SABOR, ID_PEDIDO_POSTRE, ID_SABOR, NUMERO_BOLAS) VALUES
(5, 4, 1, 3);
INSERT INTO HE_PEDIDO_POSTRE_SABOR (ID_PEDIDO_POSTRE_SABOR, ID_PEDIDO_POSTRE, ID_SABOR, NUMERO_BOLAS) VALUES
(6, 4, 3, 3);
INSERT INTO HE_PEDIDO_POSTRE_SABOR (ID_PEDIDO_POSTRE_SABOR, ID_PEDIDO_POSTRE, ID_SABOR, NUMERO_BOLAS) VALUES
(7, 4, 4, 2);
INSERT INTO HE_PEDIDO_POSTRE_SABOR (ID_PEDIDO_POSTRE_SABOR, ID_PEDIDO_POSTRE, ID_SABOR, NUMERO_BOLAS) VALUES
(8, 4, 5, 2);
INSERT INTO HE_PEDIDO_POSTRE_SABOR (ID_PEDIDO_POSTRE_SABOR, ID_PEDIDO_POSTRE, ID_SABOR, NUMERO_BOLAS) VALUES
(9, 5, 5, 3);
INSERT INTO HE_PEDIDO_POSTRE_SABOR (ID_PEDIDO_POSTRE_SABOR, ID_PEDIDO_POSTRE, ID_SABOR, NUMERO_BOLAS) VALUES
(10, 6, 1, 2);
INSERT INTO HE_PEDIDO_POSTRE_SABOR (ID_PEDIDO_POSTRE_SABOR, ID_PEDIDO_POSTRE, ID_SABOR, NUMERO_BOLAS) VALUES
(11, 6, 4, 1);
INSERT INTO HE_PEDIDO_POSTRE_SABOR (ID_PEDIDO_POSTRE_SABOR, ID_PEDIDO_POSTRE, ID_SABOR, NUMERO_BOLAS) VALUES
(12, 7, 6, 2);
INSERT INTO HE_PEDIDO_POSTRE_SABOR (ID_PEDIDO_POSTRE_SABOR, ID_PEDIDO_POSTRE, ID_SABOR, NUMERO_BOLAS) VALUES
(13, 7, 7, 2);
INSERT INTO HE_PEDIDO_POSTRE_SABOR (ID_PEDIDO_POSTRE_SABOR, ID_PEDIDO_POSTRE, ID_SABOR, NUMERO_BOLAS) VALUES
(14, 8, 1, 5);
INSERT INTO HE_PEDIDO_POSTRE_SABOR (ID_PEDIDO_POSTRE_SABOR, ID_PEDIDO_POSTRE, ID_SABOR, NUMERO_BOLAS) VALUES
(15, 8, 4, 3);
INSERT INTO HE_PEDIDO_POSTRE_SABOR (ID_PEDIDO_POSTRE_SABOR, ID_PEDIDO_POSTRE, ID_SABOR, NUMERO_BOLAS) VALUES
(16, 8, 3, 2);
INSERT INTO HE_PEDIDO_POSTRE_SABOR (ID_PEDIDO_POSTRE_SABOR, ID_PEDIDO_POSTRE, ID_SABOR, NUMERO_BOLAS) VALUES
(17, 9, 5, 1);
INSERT INTO HE_PEDIDO_POSTRE_SABOR (ID_PEDIDO_POSTRE_SABOR, ID_PEDIDO_POSTRE, ID_SABOR, NUMERO_BOLAS) VALUES
(18, 10, 8, 2);
INSERT INTO HE_PEDIDO_POSTRE_SABOR (ID_PEDIDO_POSTRE_SABOR, ID_PEDIDO_POSTRE, ID_SABOR, NUMERO_BOLAS) VALUES
(19, 11, 7, 3);
INSERT INTO HE_PEDIDO_POSTRE_SABOR (ID_PEDIDO_POSTRE_SABOR, ID_PEDIDO_POSTRE, ID_SABOR, NUMERO_BOLAS) VALUES
(20, 12, 1, 2);
INSERT INTO HE_PEDIDO_POSTRE_SABOR (ID_PEDIDO_POSTRE_SABOR, ID_PEDIDO_POSTRE, ID_SABOR, NUMERO_BOLAS) VALUES
(21, 13, 2, 3);
INSERT INTO HE_PEDIDO_POSTRE_SABOR (ID_PEDIDO_POSTRE_SABOR, ID_PEDIDO_POSTRE, ID_SABOR, NUMERO_BOLAS) VALUES
(22, 13, 3, 3);
INSERT INTO HE_PEDIDO_POSTRE_SABOR (ID_PEDIDO_POSTRE_SABOR, ID_PEDIDO_POSTRE, ID_SABOR, NUMERO_BOLAS) VALUES
(23, 13, 4, 4);
INSERT INTO HE_PEDIDO_POSTRE_SABOR (ID_PEDIDO_POSTRE_SABOR, ID_PEDIDO_POSTRE, ID_SABOR, NUMERO_BOLAS) VALUES
(24, 14, 5, 1);
INSERT INTO HE_PEDIDO_POSTRE_SABOR (ID_PEDIDO_POSTRE_SABOR, ID_PEDIDO_POSTRE, ID_SABOR, NUMERO_BOLAS) VALUES
(25, 14, 6, 1);
INSERT INTO HE_PEDIDO_POSTRE_SABOR (ID_PEDIDO_POSTRE_SABOR, ID_PEDIDO_POSTRE, ID_SABOR, NUMERO_BOLAS) VALUES
(26, 15, 8, 2);
INSERT INTO HE_PEDIDO_POSTRE_SABOR (ID_PEDIDO_POSTRE_SABOR, ID_PEDIDO_POSTRE, ID_SABOR, NUMERO_BOLAS) VALUES
(27, 16, 8, 2);
INSERT INTO HE_PEDIDO_POSTRE_SABOR (ID_PEDIDO_POSTRE_SABOR, ID_PEDIDO_POSTRE, ID_SABOR, NUMERO_BOLAS) VALUES
(28, 17, 1, 2);
INSERT INTO HE_PEDIDO_POSTRE_SABOR (ID_PEDIDO_POSTRE_SABOR, ID_PEDIDO_POSTRE, ID_SABOR, NUMERO_BOLAS) VALUES
(29, 18, 2, 3);
INSERT INTO HE_PEDIDO_POSTRE_SABOR (ID_PEDIDO_POSTRE_SABOR, ID_PEDIDO_POSTRE, ID_SABOR, NUMERO_BOLAS) VALUES
(30, 19, 4, 1);
INSERT INTO HE_PEDIDO_POSTRE_SABOR (ID_PEDIDO_POSTRE_SABOR, ID_PEDIDO_POSTRE, ID_SABOR, NUMERO_BOLAS) VALUES
(31, 19, 2, 1);
INSERT INTO HE_PEDIDO_POSTRE_SABOR (ID_PEDIDO_POSTRE_SABOR, ID_PEDIDO_POSTRE, ID_SABOR, NUMERO_BOLAS) VALUES
(32, 19, 7, 1);
INSERT INTO HE_PEDIDO_POSTRE_SABOR (ID_PEDIDO_POSTRE_SABOR, ID_PEDIDO_POSTRE, ID_SABOR, NUMERO_BOLAS) VALUES
(33, 20, 5, 4);


UPDATE HE_PEDIDO SET ESTADO = 'A' WHERE FECHA_PEDIDO < TO_DATE('28/01/2023', 'DD/MM/YYYY');
UPDATE HE_PEDIDO SET ESTADO = 'P' WHERE ESTADO IS NULL;

COMMIT;