INSERT INTO SRP_DEPARTAMENTO(ID_DEPARTAMENTO, NOMBRE) VALUES('010000', 'Amazonas');
INSERT INTO SRP_DEPARTAMENTO(ID_DEPARTAMENTO, NOMBRE) VALUES('020000', 'Áncash');
INSERT INTO SRP_DEPARTAMENTO(ID_DEPARTAMENTO, NOMBRE) VALUES('030000', 'Apurímac');
INSERT INTO SRP_DEPARTAMENTO(ID_DEPARTAMENTO, NOMBRE) VALUES('040000', 'Arequipa');
INSERT INTO SRP_DEPARTAMENTO(ID_DEPARTAMENTO, NOMBRE) VALUES('050000', 'Ayacucho');
INSERT INTO SRP_DEPARTAMENTO(ID_DEPARTAMENTO, NOMBRE) VALUES('060000', 'Cajamarca');
INSERT INTO SRP_DEPARTAMENTO(ID_DEPARTAMENTO, NOMBRE) VALUES('070000', 'Callao');
INSERT INTO SRP_DEPARTAMENTO(ID_DEPARTAMENTO, NOMBRE) VALUES('080000', 'Cusco');
INSERT INTO SRP_DEPARTAMENTO(ID_DEPARTAMENTO, NOMBRE) VALUES('090000', 'Huancavelica');
INSERT INTO SRP_DEPARTAMENTO(ID_DEPARTAMENTO, NOMBRE) VALUES('100000', 'Huánuco');
INSERT INTO SRP_DEPARTAMENTO(ID_DEPARTAMENTO, NOMBRE) VALUES('110000', 'Ica');
INSERT INTO SRP_DEPARTAMENTO(ID_DEPARTAMENTO, NOMBRE) VALUES('120000', 'Junín');
INSERT INTO SRP_DEPARTAMENTO(ID_DEPARTAMENTO, NOMBRE) VALUES('130000', 'La Libertad');
INSERT INTO SRP_DEPARTAMENTO(ID_DEPARTAMENTO, NOMBRE) VALUES('140000', 'Lambayeque');
INSERT INTO SRP_DEPARTAMENTO(ID_DEPARTAMENTO, NOMBRE) VALUES('150000', 'Lima');
INSERT INTO SRP_DEPARTAMENTO(ID_DEPARTAMENTO, NOMBRE) VALUES('160000', 'Loreto');
INSERT INTO SRP_DEPARTAMENTO(ID_DEPARTAMENTO, NOMBRE) VALUES('170000', 'Madre de Dios');
INSERT INTO SRP_DEPARTAMENTO(ID_DEPARTAMENTO, NOMBRE) VALUES('180000', 'Moquegua');
INSERT INTO SRP_DEPARTAMENTO(ID_DEPARTAMENTO, NOMBRE) VALUES('190000', 'Pasco');
INSERT INTO SRP_DEPARTAMENTO(ID_DEPARTAMENTO, NOMBRE) VALUES('200000', 'Piura');
INSERT INTO SRP_DEPARTAMENTO(ID_DEPARTAMENTO, NOMBRE) VALUES('210000', 'Puno');
INSERT INTO SRP_DEPARTAMENTO(ID_DEPARTAMENTO, NOMBRE) VALUES('220000', 'San Martín');
INSERT INTO SRP_DEPARTAMENTO(ID_DEPARTAMENTO, NOMBRE) VALUES('230000', 'Tacna');
INSERT INTO SRP_DEPARTAMENTO(ID_DEPARTAMENTO, NOMBRE) VALUES('240000', 'Tumbes');
INSERT INTO SRP_DEPARTAMENTO(ID_DEPARTAMENTO, NOMBRE) VALUES('250000', 'Ucayali');
COMMIT;

INSERT INTO SRP_PROVINCIA(ID_PROVINCIA, NOMBRE, ID_DEPARTAMENTO) VALUES('070100', 'Prov. Const. del Callao', '070000');
INSERT INTO SRP_PROVINCIA(ID_PROVINCIA, NOMBRE, ID_DEPARTAMENTO) VALUES('150100', 'Lima', '150000');
INSERT INTO SRP_PROVINCIA(ID_PROVINCIA, NOMBRE, ID_DEPARTAMENTO) VALUES('150200', 'Barranca', '150000');
INSERT INTO SRP_PROVINCIA(ID_PROVINCIA, NOMBRE, ID_DEPARTAMENTO) VALUES('150300', 'Cajatambo', '150000');
INSERT INTO SRP_PROVINCIA(ID_PROVINCIA, NOMBRE, ID_DEPARTAMENTO) VALUES('150400', 'Canta', '150000');
INSERT INTO SRP_PROVINCIA(ID_PROVINCIA, NOMBRE, ID_DEPARTAMENTO) VALUES('150500', 'Cañete', '150000');
INSERT INTO SRP_PROVINCIA(ID_PROVINCIA, NOMBRE, ID_DEPARTAMENTO) VALUES('150600', 'Huaral', '150000');
INSERT INTO SRP_PROVINCIA(ID_PROVINCIA, NOMBRE, ID_DEPARTAMENTO) VALUES('150700', 'Huarochirí', '150000');
INSERT INTO SRP_PROVINCIA(ID_PROVINCIA, NOMBRE, ID_DEPARTAMENTO) VALUES('150800', 'Huaura', '150000');
INSERT INTO SRP_PROVINCIA(ID_PROVINCIA, NOMBRE, ID_DEPARTAMENTO) VALUES('150900', 'Oyón', '150000');
INSERT INTO SRP_PROVINCIA(ID_PROVINCIA, NOMBRE, ID_DEPARTAMENTO) VALUES('151000', 'Yauyos', '150000');
COMMIT;

INSERT INTO SRP_DISTRITO(ID_DISTRITO, NOMBRE, ID_PROVINCIA) VALUES('070101', 'Callao', '070100');
INSERT INTO SRP_DISTRITO(ID_DISTRITO, NOMBRE, ID_PROVINCIA) VALUES('070102', 'Bellavista', '070100');
INSERT INTO SRP_DISTRITO(ID_DISTRITO, NOMBRE, ID_PROVINCIA) VALUES('070103', 'Carmen de la Legua Reynoso', '070100');
INSERT INTO SRP_DISTRITO(ID_DISTRITO, NOMBRE, ID_PROVINCIA) VALUES('070104', 'La Perla', '070100');
INSERT INTO SRP_DISTRITO(ID_DISTRITO, NOMBRE, ID_PROVINCIA) VALUES('070105', 'La Punta', '070100');
INSERT INTO SRP_DISTRITO(ID_DISTRITO, NOMBRE, ID_PROVINCIA) VALUES('070106', 'Ventanilla', '070100');
INSERT INTO SRP_DISTRITO(ID_DISTRITO, NOMBRE, ID_PROVINCIA) VALUES('070107', 'Mi Perú', '070100');
INSERT INTO SRP_DISTRITO(ID_DISTRITO, NOMBRE, ID_PROVINCIA) VALUES('150101', 'Lima', '150100');
INSERT INTO SRP_DISTRITO(ID_DISTRITO, NOMBRE, ID_PROVINCIA) VALUES('150102', 'Ancón', '150100');
INSERT INTO SRP_DISTRITO(ID_DISTRITO, NOMBRE, ID_PROVINCIA) VALUES('150103', 'Ate', '150100');
INSERT INTO SRP_DISTRITO(ID_DISTRITO, NOMBRE, ID_PROVINCIA) VALUES('150104', 'Barranco', '150100');
INSERT INTO SRP_DISTRITO(ID_DISTRITO, NOMBRE, ID_PROVINCIA) VALUES('150105', 'Breña', '150100');
INSERT INTO SRP_DISTRITO(ID_DISTRITO, NOMBRE, ID_PROVINCIA) VALUES('150106', 'Carabayllo', '150100');
INSERT INTO SRP_DISTRITO(ID_DISTRITO, NOMBRE, ID_PROVINCIA) VALUES('150107', 'Chaclacayo', '150100');
INSERT INTO SRP_DISTRITO(ID_DISTRITO, NOMBRE, ID_PROVINCIA) VALUES('150108', 'Chorrillos', '150100');
INSERT INTO SRP_DISTRITO(ID_DISTRITO, NOMBRE, ID_PROVINCIA) VALUES('150109', 'Cieneguilla', '150100');
INSERT INTO SRP_DISTRITO(ID_DISTRITO, NOMBRE, ID_PROVINCIA) VALUES('150110', 'Comas', '150100');
INSERT INTO SRP_DISTRITO(ID_DISTRITO, NOMBRE, ID_PROVINCIA) VALUES('150111', 'El Agustino', '150100');
INSERT INTO SRP_DISTRITO(ID_DISTRITO, NOMBRE, ID_PROVINCIA) VALUES('150112', 'Independencia', '150100');
INSERT INTO SRP_DISTRITO(ID_DISTRITO, NOMBRE, ID_PROVINCIA) VALUES('150113', 'Jesús María', '150100');
INSERT INTO SRP_DISTRITO(ID_DISTRITO, NOMBRE, ID_PROVINCIA) VALUES('150114', 'La Molina', '150100');
INSERT INTO SRP_DISTRITO(ID_DISTRITO, NOMBRE, ID_PROVINCIA) VALUES('150115', 'La Victoria', '150100');
INSERT INTO SRP_DISTRITO(ID_DISTRITO, NOMBRE, ID_PROVINCIA) VALUES('150116', 'Lince', '150100');
INSERT INTO SRP_DISTRITO(ID_DISTRITO, NOMBRE, ID_PROVINCIA) VALUES('150117', 'Los Olivos', '150100');
INSERT INTO SRP_DISTRITO(ID_DISTRITO, NOMBRE, ID_PROVINCIA) VALUES('150118', 'Lurigancho', '150100');
INSERT INTO SRP_DISTRITO(ID_DISTRITO, NOMBRE, ID_PROVINCIA) VALUES('150119', 'Lurin', '150100');
INSERT INTO SRP_DISTRITO(ID_DISTRITO, NOMBRE, ID_PROVINCIA) VALUES('150120', 'Magdalena del Mar', '150100');
INSERT INTO SRP_DISTRITO(ID_DISTRITO, NOMBRE, ID_PROVINCIA) VALUES('150121', 'Pueblo Libre', '150100');
INSERT INTO SRP_DISTRITO(ID_DISTRITO, NOMBRE, ID_PROVINCIA) VALUES('150122', 'Miraflores', '150100');
INSERT INTO SRP_DISTRITO(ID_DISTRITO, NOMBRE, ID_PROVINCIA) VALUES('150123', 'Pachacamac', '150100');
INSERT INTO SRP_DISTRITO(ID_DISTRITO, NOMBRE, ID_PROVINCIA) VALUES('150124', 'Pucusana', '150100');
INSERT INTO SRP_DISTRITO(ID_DISTRITO, NOMBRE, ID_PROVINCIA) VALUES('150125', 'Puente Piedra', '150100');
INSERT INTO SRP_DISTRITO(ID_DISTRITO, NOMBRE, ID_PROVINCIA) VALUES('150126', 'Punta Hermosa', '150100');
INSERT INTO SRP_DISTRITO(ID_DISTRITO, NOMBRE, ID_PROVINCIA) VALUES('150127', 'Punta Negra', '150100');
INSERT INTO SRP_DISTRITO(ID_DISTRITO, NOMBRE, ID_PROVINCIA) VALUES('150128', 'Rímac', '150100');
INSERT INTO SRP_DISTRITO(ID_DISTRITO, NOMBRE, ID_PROVINCIA) VALUES('150129', 'San Bartolo', '150100');
INSERT INTO SRP_DISTRITO(ID_DISTRITO, NOMBRE, ID_PROVINCIA) VALUES('150130', 'San Borja', '150100');
INSERT INTO SRP_DISTRITO(ID_DISTRITO, NOMBRE, ID_PROVINCIA) VALUES('150131', 'San Isidro', '150100');
INSERT INTO SRP_DISTRITO(ID_DISTRITO, NOMBRE, ID_PROVINCIA) VALUES('150132', 'San Juan de Lurigancho', '150100');
INSERT INTO SRP_DISTRITO(ID_DISTRITO, NOMBRE, ID_PROVINCIA) VALUES('150133', 'San Juan de Miraflores', '150100');
INSERT INTO SRP_DISTRITO(ID_DISTRITO, NOMBRE, ID_PROVINCIA) VALUES('150134', 'San Luis', '150100');
INSERT INTO SRP_DISTRITO(ID_DISTRITO, NOMBRE, ID_PROVINCIA) VALUES('150135', 'San Martín de Porres', '150100');
INSERT INTO SRP_DISTRITO(ID_DISTRITO, NOMBRE, ID_PROVINCIA) VALUES('150136', 'San Miguel', '150100');
INSERT INTO SRP_DISTRITO(ID_DISTRITO, NOMBRE, ID_PROVINCIA) VALUES('150137', 'Santa Anita', '150100');
INSERT INTO SRP_DISTRITO(ID_DISTRITO, NOMBRE, ID_PROVINCIA) VALUES('150138', 'Santa María del Mar', '150100');
INSERT INTO SRP_DISTRITO(ID_DISTRITO, NOMBRE, ID_PROVINCIA) VALUES('150139', 'Santa Rosa', '150100');
INSERT INTO SRP_DISTRITO(ID_DISTRITO, NOMBRE, ID_PROVINCIA) VALUES('150140', 'Santiago de Surco', '150100');
INSERT INTO SRP_DISTRITO(ID_DISTRITO, NOMBRE, ID_PROVINCIA) VALUES('150141', 'Surquillo', '150100');
INSERT INTO SRP_DISTRITO(ID_DISTRITO, NOMBRE, ID_PROVINCIA) VALUES('150142', 'Villa El Salvador', '150100');
INSERT INTO SRP_DISTRITO(ID_DISTRITO, NOMBRE, ID_PROVINCIA) VALUES('150143', 'Villa María del Triunfo', '150100');
INSERT INTO SRP_DISTRITO(ID_DISTRITO, NOMBRE, ID_PROVINCIA) VALUES('150201', 'Barranca', '150200');
INSERT INTO SRP_DISTRITO(ID_DISTRITO, NOMBRE, ID_PROVINCIA) VALUES('150202', 'Paramonga', '150200');
INSERT INTO SRP_DISTRITO(ID_DISTRITO, NOMBRE, ID_PROVINCIA) VALUES('150203', 'Pativilca', '150200');
INSERT INTO SRP_DISTRITO(ID_DISTRITO, NOMBRE, ID_PROVINCIA) VALUES('150204', 'Supe', '150200');
INSERT INTO SRP_DISTRITO(ID_DISTRITO, NOMBRE, ID_PROVINCIA) VALUES('150205', 'Supe Puerto', '150200');
INSERT INTO SRP_DISTRITO(ID_DISTRITO, NOMBRE, ID_PROVINCIA) VALUES('150301', 'Cajatambo', '150300');
INSERT INTO SRP_DISTRITO(ID_DISTRITO, NOMBRE, ID_PROVINCIA) VALUES('150302', 'Copa', '150300');
INSERT INTO SRP_DISTRITO(ID_DISTRITO, NOMBRE, ID_PROVINCIA) VALUES('150303', 'Gorgor', '150300');
INSERT INTO SRP_DISTRITO(ID_DISTRITO, NOMBRE, ID_PROVINCIA) VALUES('150304', 'Huancapon', '150300');
INSERT INTO SRP_DISTRITO(ID_DISTRITO, NOMBRE, ID_PROVINCIA) VALUES('150305', 'Manas', '150300');
INSERT INTO SRP_DISTRITO(ID_DISTRITO, NOMBRE, ID_PROVINCIA) VALUES('150401', 'Canta', '150400');
INSERT INTO SRP_DISTRITO(ID_DISTRITO, NOMBRE, ID_PROVINCIA) VALUES('150402', 'Arahuay', '150400');
INSERT INTO SRP_DISTRITO(ID_DISTRITO, NOMBRE, ID_PROVINCIA) VALUES('150403', 'Huamantanga', '150400');
INSERT INTO SRP_DISTRITO(ID_DISTRITO, NOMBRE, ID_PROVINCIA) VALUES('150404', 'Huaros', '150400');
INSERT INTO SRP_DISTRITO(ID_DISTRITO, NOMBRE, ID_PROVINCIA) VALUES('150405', 'Lachaqui', '150400');
INSERT INTO SRP_DISTRITO(ID_DISTRITO, NOMBRE, ID_PROVINCIA) VALUES('150406', 'San Buenaventura', '150400');
INSERT INTO SRP_DISTRITO(ID_DISTRITO, NOMBRE, ID_PROVINCIA) VALUES('150407', 'Santa Rosa de Quives', '150400');
INSERT INTO SRP_DISTRITO(ID_DISTRITO, NOMBRE, ID_PROVINCIA) VALUES('150501', 'San Vicente de Cañete', '150500');
INSERT INTO SRP_DISTRITO(ID_DISTRITO, NOMBRE, ID_PROVINCIA) VALUES('150502', 'Asia', '150500');
INSERT INTO SRP_DISTRITO(ID_DISTRITO, NOMBRE, ID_PROVINCIA) VALUES('150503', 'Calango', '150500');
INSERT INTO SRP_DISTRITO(ID_DISTRITO, NOMBRE, ID_PROVINCIA) VALUES('150504', 'Cerro Azul', '150500');
INSERT INTO SRP_DISTRITO(ID_DISTRITO, NOMBRE, ID_PROVINCIA) VALUES('150505', 'Chilca', '150500');
INSERT INTO SRP_DISTRITO(ID_DISTRITO, NOMBRE, ID_PROVINCIA) VALUES('150506', 'Coayllo', '150500');
INSERT INTO SRP_DISTRITO(ID_DISTRITO, NOMBRE, ID_PROVINCIA) VALUES('150507', 'Imperial', '150500');
INSERT INTO SRP_DISTRITO(ID_DISTRITO, NOMBRE, ID_PROVINCIA) VALUES('150508', 'Lunahuana', '150500');
INSERT INTO SRP_DISTRITO(ID_DISTRITO, NOMBRE, ID_PROVINCIA) VALUES('150509', 'Mala', '150500');
INSERT INTO SRP_DISTRITO(ID_DISTRITO, NOMBRE, ID_PROVINCIA) VALUES('150510', 'Nuevo Imperial', '150500');
INSERT INTO SRP_DISTRITO(ID_DISTRITO, NOMBRE, ID_PROVINCIA) VALUES('150511', 'Pacaran', '150500');
INSERT INTO SRP_DISTRITO(ID_DISTRITO, NOMBRE, ID_PROVINCIA) VALUES('150512', 'Quilmana', '150500');
INSERT INTO SRP_DISTRITO(ID_DISTRITO, NOMBRE, ID_PROVINCIA) VALUES('150513', 'San Antonio', '150500');
INSERT INTO SRP_DISTRITO(ID_DISTRITO, NOMBRE, ID_PROVINCIA) VALUES('150514', 'San Luis', '150500');
INSERT INTO SRP_DISTRITO(ID_DISTRITO, NOMBRE, ID_PROVINCIA) VALUES('150515', 'Santa Cruz de Flores', '150500');
INSERT INTO SRP_DISTRITO(ID_DISTRITO, NOMBRE, ID_PROVINCIA) VALUES('150516', 'Zúñiga', '150500');
INSERT INTO SRP_DISTRITO(ID_DISTRITO, NOMBRE, ID_PROVINCIA) VALUES('150601', 'Huaral', '150600');
INSERT INTO SRP_DISTRITO(ID_DISTRITO, NOMBRE, ID_PROVINCIA) VALUES('150602', 'Atavillos Alto', '150600');
INSERT INTO SRP_DISTRITO(ID_DISTRITO, NOMBRE, ID_PROVINCIA) VALUES('150603', 'Atavillos Bajo', '150600');
INSERT INTO SRP_DISTRITO(ID_DISTRITO, NOMBRE, ID_PROVINCIA) VALUES('150604', 'Aucallama', '150600');
INSERT INTO SRP_DISTRITO(ID_DISTRITO, NOMBRE, ID_PROVINCIA) VALUES('150605', 'Chancay', '150600');
INSERT INTO SRP_DISTRITO(ID_DISTRITO, NOMBRE, ID_PROVINCIA) VALUES('150606', 'Ihuari', '150600');
INSERT INTO SRP_DISTRITO(ID_DISTRITO, NOMBRE, ID_PROVINCIA) VALUES('150607', 'Lampian', '150600');
INSERT INTO SRP_DISTRITO(ID_DISTRITO, NOMBRE, ID_PROVINCIA) VALUES('150608', 'Pacaraos', '150600');
INSERT INTO SRP_DISTRITO(ID_DISTRITO, NOMBRE, ID_PROVINCIA) VALUES('150609', 'San Miguel de Acos', '150600');
INSERT INTO SRP_DISTRITO(ID_DISTRITO, NOMBRE, ID_PROVINCIA) VALUES('150610', 'Santa Cruz de Andamarca', '150600');
INSERT INTO SRP_DISTRITO(ID_DISTRITO, NOMBRE, ID_PROVINCIA) VALUES('150611', 'Sumbilca', '150600');
INSERT INTO SRP_DISTRITO(ID_DISTRITO, NOMBRE, ID_PROVINCIA) VALUES('150612', 'Veintisiete de Noviembre', '150600');
INSERT INTO SRP_DISTRITO(ID_DISTRITO, NOMBRE, ID_PROVINCIA) VALUES('150701', 'Matucana', '150700');
INSERT INTO SRP_DISTRITO(ID_DISTRITO, NOMBRE, ID_PROVINCIA) VALUES('150702', 'Antioquia', '150700');
INSERT INTO SRP_DISTRITO(ID_DISTRITO, NOMBRE, ID_PROVINCIA) VALUES('150703', 'Callahuanca', '150700');
INSERT INTO SRP_DISTRITO(ID_DISTRITO, NOMBRE, ID_PROVINCIA) VALUES('150704', 'Carampoma', '150700');
INSERT INTO SRP_DISTRITO(ID_DISTRITO, NOMBRE, ID_PROVINCIA) VALUES('150705', 'Chicla', '150700');
INSERT INTO SRP_DISTRITO(ID_DISTRITO, NOMBRE, ID_PROVINCIA) VALUES('150706', 'Cuenca', '150700');
INSERT INTO SRP_DISTRITO(ID_DISTRITO, NOMBRE, ID_PROVINCIA) VALUES('150707', 'Huachupampa', '150700');
INSERT INTO SRP_DISTRITO(ID_DISTRITO, NOMBRE, ID_PROVINCIA) VALUES('150708', 'Huanza', '150700');
INSERT INTO SRP_DISTRITO(ID_DISTRITO, NOMBRE, ID_PROVINCIA) VALUES('150709', 'Huarochiri', '150700');
INSERT INTO SRP_DISTRITO(ID_DISTRITO, NOMBRE, ID_PROVINCIA) VALUES('150710', 'Lahuaytambo', '150700');
INSERT INTO SRP_DISTRITO(ID_DISTRITO, NOMBRE, ID_PROVINCIA) VALUES('150711', 'Langa', '150700');
INSERT INTO SRP_DISTRITO(ID_DISTRITO, NOMBRE, ID_PROVINCIA) VALUES('150712', 'Laraos', '150700');
INSERT INTO SRP_DISTRITO(ID_DISTRITO, NOMBRE, ID_PROVINCIA) VALUES('150713', 'Mariatana', '150700');
INSERT INTO SRP_DISTRITO(ID_DISTRITO, NOMBRE, ID_PROVINCIA) VALUES('150714', 'Ricardo Palma', '150700');
INSERT INTO SRP_DISTRITO(ID_DISTRITO, NOMBRE, ID_PROVINCIA) VALUES('150715', 'San Andrés de Tupicocha', '150700');
INSERT INTO SRP_DISTRITO(ID_DISTRITO, NOMBRE, ID_PROVINCIA) VALUES('150716', 'San Antonio', '150700');
INSERT INTO SRP_DISTRITO(ID_DISTRITO, NOMBRE, ID_PROVINCIA) VALUES('150717', 'San Bartolomé', '150700');
INSERT INTO SRP_DISTRITO(ID_DISTRITO, NOMBRE, ID_PROVINCIA) VALUES('150718', 'San Damian', '150700');
INSERT INTO SRP_DISTRITO(ID_DISTRITO, NOMBRE, ID_PROVINCIA) VALUES('150719', 'San Juan de Iris', '150700');
INSERT INTO SRP_DISTRITO(ID_DISTRITO, NOMBRE, ID_PROVINCIA) VALUES('150720', 'San Juan de Tantaranche', '150700');
INSERT INTO SRP_DISTRITO(ID_DISTRITO, NOMBRE, ID_PROVINCIA) VALUES('150721', 'San Lorenzo de Quinti', '150700');
INSERT INTO SRP_DISTRITO(ID_DISTRITO, NOMBRE, ID_PROVINCIA) VALUES('150722', 'San Mateo', '150700');
INSERT INTO SRP_DISTRITO(ID_DISTRITO, NOMBRE, ID_PROVINCIA) VALUES('150723', 'San Mateo de Otao', '150700');
INSERT INTO SRP_DISTRITO(ID_DISTRITO, NOMBRE, ID_PROVINCIA) VALUES('150724', 'San Pedro de Casta', '150700');
INSERT INTO SRP_DISTRITO(ID_DISTRITO, NOMBRE, ID_PROVINCIA) VALUES('150725', 'San Pedro de Huancayre', '150700');
INSERT INTO SRP_DISTRITO(ID_DISTRITO, NOMBRE, ID_PROVINCIA) VALUES('150726', 'Sangallaya', '150700');
INSERT INTO SRP_DISTRITO(ID_DISTRITO, NOMBRE, ID_PROVINCIA) VALUES('150727', 'Santa Cruz de Cocachacra', '150700');
INSERT INTO SRP_DISTRITO(ID_DISTRITO, NOMBRE, ID_PROVINCIA) VALUES('150728', 'Santa Eulalia', '150700');
INSERT INTO SRP_DISTRITO(ID_DISTRITO, NOMBRE, ID_PROVINCIA) VALUES('150729', 'Santiago de Anchucaya', '150700');
INSERT INTO SRP_DISTRITO(ID_DISTRITO, NOMBRE, ID_PROVINCIA) VALUES('150730', 'Santiago de Tuna', '150700');
INSERT INTO SRP_DISTRITO(ID_DISTRITO, NOMBRE, ID_PROVINCIA) VALUES('150731', 'Santo Domingo de Los Olleros', '150700');
INSERT INTO SRP_DISTRITO(ID_DISTRITO, NOMBRE, ID_PROVINCIA) VALUES('150732', 'Surco', '150700');
INSERT INTO SRP_DISTRITO(ID_DISTRITO, NOMBRE, ID_PROVINCIA) VALUES('150801', 'Huacho', '150800');
INSERT INTO SRP_DISTRITO(ID_DISTRITO, NOMBRE, ID_PROVINCIA) VALUES('150802', 'Ambar', '150800');
INSERT INTO SRP_DISTRITO(ID_DISTRITO, NOMBRE, ID_PROVINCIA) VALUES('150803', 'Caleta de Carquin', '150800');
INSERT INTO SRP_DISTRITO(ID_DISTRITO, NOMBRE, ID_PROVINCIA) VALUES('150804', 'Checras', '150800');
INSERT INTO SRP_DISTRITO(ID_DISTRITO, NOMBRE, ID_PROVINCIA) VALUES('150805', 'Hualmay', '150800');
INSERT INTO SRP_DISTRITO(ID_DISTRITO, NOMBRE, ID_PROVINCIA) VALUES('150806', 'Huaura', '150800');
INSERT INTO SRP_DISTRITO(ID_DISTRITO, NOMBRE, ID_PROVINCIA) VALUES('150807', 'Leoncio Prado', '150800');
INSERT INTO SRP_DISTRITO(ID_DISTRITO, NOMBRE, ID_PROVINCIA) VALUES('150808', 'Paccho', '150800');
INSERT INTO SRP_DISTRITO(ID_DISTRITO, NOMBRE, ID_PROVINCIA) VALUES('150809', 'Santa Leonor', '150800');
INSERT INTO SRP_DISTRITO(ID_DISTRITO, NOMBRE, ID_PROVINCIA) VALUES('150810', 'Santa María', '150800');
INSERT INTO SRP_DISTRITO(ID_DISTRITO, NOMBRE, ID_PROVINCIA) VALUES('150811', 'Sayan', '150800');
INSERT INTO SRP_DISTRITO(ID_DISTRITO, NOMBRE, ID_PROVINCIA) VALUES('150812', 'Vegueta', '150800');
INSERT INTO SRP_DISTRITO(ID_DISTRITO, NOMBRE, ID_PROVINCIA) VALUES('150901', 'Oyon', '150900');
INSERT INTO SRP_DISTRITO(ID_DISTRITO, NOMBRE, ID_PROVINCIA) VALUES('150902', 'Andajes', '150900');
INSERT INTO SRP_DISTRITO(ID_DISTRITO, NOMBRE, ID_PROVINCIA) VALUES('150903', 'Caujul', '150900');
INSERT INTO SRP_DISTRITO(ID_DISTRITO, NOMBRE, ID_PROVINCIA) VALUES('150904', 'Cochamarca', '150900');
INSERT INTO SRP_DISTRITO(ID_DISTRITO, NOMBRE, ID_PROVINCIA) VALUES('150905', 'Navan', '150900');
INSERT INTO SRP_DISTRITO(ID_DISTRITO, NOMBRE, ID_PROVINCIA) VALUES('150906', 'Pachangara', '150900');
INSERT INTO SRP_DISTRITO(ID_DISTRITO, NOMBRE, ID_PROVINCIA) VALUES('151001', 'Yauyos', '151000');
INSERT INTO SRP_DISTRITO(ID_DISTRITO, NOMBRE, ID_PROVINCIA) VALUES('151002', 'Alis', '151000');
INSERT INTO SRP_DISTRITO(ID_DISTRITO, NOMBRE, ID_PROVINCIA) VALUES('151003', 'Allauca', '151000');
INSERT INTO SRP_DISTRITO(ID_DISTRITO, NOMBRE, ID_PROVINCIA) VALUES('151004', 'Ayaviri', '151000');
INSERT INTO SRP_DISTRITO(ID_DISTRITO, NOMBRE, ID_PROVINCIA) VALUES('151005', 'Azángaro', '151000');
INSERT INTO SRP_DISTRITO(ID_DISTRITO, NOMBRE, ID_PROVINCIA) VALUES('151006', 'Cacra', '151000');
INSERT INTO SRP_DISTRITO(ID_DISTRITO, NOMBRE, ID_PROVINCIA) VALUES('151007', 'Carania', '151000');
INSERT INTO SRP_DISTRITO(ID_DISTRITO, NOMBRE, ID_PROVINCIA) VALUES('151008', 'Catahuasi', '151000');
INSERT INTO SRP_DISTRITO(ID_DISTRITO, NOMBRE, ID_PROVINCIA) VALUES('151009', 'Chocos', '151000');
INSERT INTO SRP_DISTRITO(ID_DISTRITO, NOMBRE, ID_PROVINCIA) VALUES('151010', 'Cochas', '151000');
INSERT INTO SRP_DISTRITO(ID_DISTRITO, NOMBRE, ID_PROVINCIA) VALUES('151011', 'Colonia', '151000');
INSERT INTO SRP_DISTRITO(ID_DISTRITO, NOMBRE, ID_PROVINCIA) VALUES('151012', 'Hongos', '151000');
INSERT INTO SRP_DISTRITO(ID_DISTRITO, NOMBRE, ID_PROVINCIA) VALUES('151013', 'Huampara', '151000');
INSERT INTO SRP_DISTRITO(ID_DISTRITO, NOMBRE, ID_PROVINCIA) VALUES('151014', 'Huancaya', '151000');
INSERT INTO SRP_DISTRITO(ID_DISTRITO, NOMBRE, ID_PROVINCIA) VALUES('151015', 'Huangascar', '151000');
INSERT INTO SRP_DISTRITO(ID_DISTRITO, NOMBRE, ID_PROVINCIA) VALUES('151016', 'Huantan', '151000');
INSERT INTO SRP_DISTRITO(ID_DISTRITO, NOMBRE, ID_PROVINCIA) VALUES('151017', 'Huañec', '151000');
INSERT INTO SRP_DISTRITO(ID_DISTRITO, NOMBRE, ID_PROVINCIA) VALUES('151018', 'Laraos', '151000');
INSERT INTO SRP_DISTRITO(ID_DISTRITO, NOMBRE, ID_PROVINCIA) VALUES('151019', 'Lincha', '151000');
INSERT INTO SRP_DISTRITO(ID_DISTRITO, NOMBRE, ID_PROVINCIA) VALUES('151020', 'Madean', '151000');
INSERT INTO SRP_DISTRITO(ID_DISTRITO, NOMBRE, ID_PROVINCIA) VALUES('151021', 'Miraflores', '151000');
INSERT INTO SRP_DISTRITO(ID_DISTRITO, NOMBRE, ID_PROVINCIA) VALUES('151022', 'Omas', '151000');
INSERT INTO SRP_DISTRITO(ID_DISTRITO, NOMBRE, ID_PROVINCIA) VALUES('151023', 'Putinza', '151000');
INSERT INTO SRP_DISTRITO(ID_DISTRITO, NOMBRE, ID_PROVINCIA) VALUES('151024', 'Quinches', '151000');
INSERT INTO SRP_DISTRITO(ID_DISTRITO, NOMBRE, ID_PROVINCIA) VALUES('151025', 'Quinocay', '151000');
INSERT INTO SRP_DISTRITO(ID_DISTRITO, NOMBRE, ID_PROVINCIA) VALUES('151026', 'San Joaquín', '151000');
INSERT INTO SRP_DISTRITO(ID_DISTRITO, NOMBRE, ID_PROVINCIA) VALUES('151027', 'San Pedro de Pilas', '151000');
INSERT INTO SRP_DISTRITO(ID_DISTRITO, NOMBRE, ID_PROVINCIA) VALUES('151028', 'Tanta', '151000');
INSERT INTO SRP_DISTRITO(ID_DISTRITO, NOMBRE, ID_PROVINCIA) VALUES('151029', 'Tauripampa', '151000');
INSERT INTO SRP_DISTRITO(ID_DISTRITO, NOMBRE, ID_PROVINCIA) VALUES('151030', 'Tomas', '151000');
INSERT INTO SRP_DISTRITO(ID_DISTRITO, NOMBRE, ID_PROVINCIA) VALUES('151031', 'Tupe', '151000');
INSERT INTO SRP_DISTRITO(ID_DISTRITO, NOMBRE, ID_PROVINCIA) VALUES('151032', 'Viñac', '151000');
INSERT INTO SRP_DISTRITO(ID_DISTRITO, NOMBRE, ID_PROVINCIA) VALUES('151033', 'Vitis', '151000');
COMMIT;

INSERT INTO SRP_TIPO_CLIENTE(ID_TIPO_CLIENTE, NOMBRE, ESTADO) VALUES (1, 'Nuevo', 1);
INSERT INTO SRP_TIPO_CLIENTE(ID_TIPO_CLIENTE, NOMBRE, ESTADO) VALUES (2, 'Cliente Ocasional', 1);
INSERT INTO SRP_TIPO_CLIENTE(ID_TIPO_CLIENTE, NOMBRE, ESTADO) VALUES (3, 'Cliente Frecuente', 1);
INSERT INTO SRP_TIPO_CLIENTE(ID_TIPO_CLIENTE, NOMBRE, ESTADO) VALUES (4, 'VIP', 1);
COMMIT;

INSERT INTO SRP_CLIENTE(ID_CLIENTE, NOMBRES, APELLIDOS, DOC_IDENTIDAD, TELEFONO, CORREO_ELECTRONICO, RAZON_SOCIAL, NOMBRE_COMERCIAL, ID_TIPO_CLIENTE, ESTADO)
VALUES (1, 'Juan Carlos', 'Gansedo Paredes', '12345678', '4513256', 'jgansedo@gmail.com', NULL, NULL, 4, 1);
INSERT INTO SRP_CLIENTE(ID_CLIENTE, NOMBRES, APELLIDOS, DOC_IDENTIDAD, TELEFONO, CORREO_ELECTRONICO, RAZON_SOCIAL, NOMBRE_COMERCIAL, ID_TIPO_CLIENTE, ESTADO)
VALUES (2, 'Rosa', 'Martinez Deza', '98765432', '5987634', 'rmartinez@gmail.com', NULL, NULL, 3, 1);
INSERT INTO SRP_CLIENTE(ID_CLIENTE, NOMBRES, APELLIDOS, DOC_IDENTIDAD, TELEFONO, CORREO_ELECTRONICO, RAZON_SOCIAL, NOMBRE_COMERCIAL, ID_TIPO_CLIENTE, ESTADO)
VALUES (3, 'Percy', 'Ravelo Bustamante', '02587965', '2365847', 'pravelo@gmail.com', NULL, NULL, 2, 1);
INSERT INTO SRP_CLIENTE(ID_CLIENTE, NOMBRES, APELLIDOS, DOC_IDENTIDAD, TELEFONO, CORREO_ELECTRONICO, RAZON_SOCIAL, NOMBRE_COMERCIAL, ID_TIPO_CLIENTE, ESTADO)
VALUES (4, 'Max', 'Alvarez Herrera', '45451665', '986525418', 'malvarez@hotmail.com', NULL, NULL, 1, 1);
INSERT INTO SRP_CLIENTE(ID_CLIENTE, NOMBRES, APELLIDOS, DOC_IDENTIDAD, TELEFONO, CORREO_ELECTRONICO, RAZON_SOCIAL, NOMBRE_COMERCIAL, ID_TIPO_CLIENTE, ESTADO)
VALUES (5, 'Carlos', 'Paredes Fernandez', '45612164', '3569854', 'cparedes@gmail.com', NULL, NULL, 3, 1);
INSERT INTO SRP_CLIENTE(ID_CLIENTE, NOMBRES, APELLIDOS, DOC_IDENTIDAD, TELEFONO, CORREO_ELECTRONICO, RAZON_SOCIAL, NOMBRE_COMERCIAL, ID_TIPO_CLIENTE, ESTADO)
VALUES (6, 'Cedric', 'Somocurcio Ferreyra', '40516549', '2359874', 'csomocurcio@hotmail.com', NULL, NULL, 2, 1);
INSERT INTO SRP_CLIENTE(ID_CLIENTE, NOMBRES, APELLIDOS, DOC_IDENTIDAD, TELEFONO, CORREO_ELECTRONICO, RAZON_SOCIAL, NOMBRE_COMERCIAL, ID_TIPO_CLIENTE, ESTADO)
VALUES (7, 'Jorge', 'Solis Carrion', '40164651', '997846523', 'jsolis@gmail.com', NULL, NULL, 2, 1);
INSERT INTO SRP_CLIENTE(ID_CLIENTE, NOMBRES, APELLIDOS, DOC_IDENTIDAD, TELEFONO, CORREO_ELECTRONICO, RAZON_SOCIAL, NOMBRE_COMERCIAL, ID_TIPO_CLIENTE, ESTADO)
VALUES (8, 'Victor', 'Bello Calderon', '40021316', '948675920', 'vbello@hotmail.com', NULL, NULL, 3, 1);
INSERT INTO SRP_CLIENTE(ID_CLIENTE, NOMBRES, APELLIDOS, DOC_IDENTIDAD, TELEFONO, CORREO_ELECTRONICO, RAZON_SOCIAL, NOMBRE_COMERCIAL, ID_TIPO_CLIENTE, ESTADO)
VALUES (9, 'Eduardo', 'Hernandez Castro', '12564646', '3569841', 'ehernandez@gmail.com', NULL, NULL, 2, 1);
INSERT INTO SRP_CLIENTE(ID_CLIENTE, NOMBRES, APELLIDOS, DOC_IDENTIDAD, TELEFONO, CORREO_ELECTRONICO, RAZON_SOCIAL, NOMBRE_COMERCIAL, ID_TIPO_CLIENTE, ESTADO)
VALUES (10, 'Benito', 'Malpartida Garcia', '31465406', '979568742', 'bmalpartida@hotmail.com', NULL, NULL, 4, 1);
INSERT INTO SRP_CLIENTE(ID_CLIENTE, NOMBRES, APELLIDOS, DOC_IDENTIDAD, TELEFONO, CORREO_ELECTRONICO, RAZON_SOCIAL, NOMBRE_COMERCIAL, ID_TIPO_CLIENTE, ESTADO)
VALUES (11, 'Karla', 'Barzotti Davalos', '84564654', '2168459', 'kbarzotti@hotmail.com', NULL, NULL, 2, 1);
INSERT INTO SRP_CLIENTE(ID_CLIENTE, NOMBRES, APELLIDOS, DOC_IDENTIDAD, TELEFONO, CORREO_ELECTRONICO, RAZON_SOCIAL, NOMBRE_COMERCIAL, ID_TIPO_CLIENTE, ESTADO)
VALUES (12, 'Gino', 'Delgado Jines', '65406540', '3216587', 'gdelgado@gmail.com', NULL, NULL, 1, 1);
COMMIT;

INSERT INTO SRP_ALMACEN(ID_ALMACEN, CODIGO_ALMACEN, LOCAL_UBICACION, LATITUD, LONGITUD, ESTADO)
VALUES(1, 'LIM001', 'ALMACEN LIMA CENTRO', -12.04761, -77.05211, 1);
INSERT INTO SRP_ALMACEN(ID_ALMACEN, CODIGO_ALMACEN, LOCAL_UBICACION, LATITUD, LONGITUD, ESTADO)
VALUES(2, 'LIM002', 'ALMACEN LIMA NORTE', -11.94151, -77.07869, 1);
INSERT INTO SRP_ALMACEN(ID_ALMACEN, CODIGO_ALMACEN, LOCAL_UBICACION, LATITUD, LONGITUD, ESTADO)
VALUES(3, 'LIM003', 'ALMACEN LIMA SUR', -12.54783, -76.71339, 1);
INSERT INTO SRP_ALMACEN(ID_ALMACEN, CODIGO_ALMACEN, LOCAL_UBICACION, LATITUD, LONGITUD, ESTADO)
VALUES(4, 'LIM004', 'ALMACEN LIMA ESTE', -12.01041, -76.8657, 1);
COMMIT;

INSERT INTO SRP_PRODUCTO(ID_PRODUCTO, CODIGO_PRODUCTO, MODELO, PROVEEDOR, PRECIO, ESTADO) VALUES(1, 'COM001', 'Comedor de Colores Indio', 'Wish', 1550, 1);
INSERT INTO SRP_PRODUCTO(ID_PRODUCTO, CODIGO_PRODUCTO, MODELO, PROVEEDOR, PRECIO, ESTADO) VALUES(2, 'CAB002', 'Cabecera King Size de Caballos', 'Wish', 425.9, 1);
INSERT INTO SRP_PRODUCTO(ID_PRODUCTO, CODIGO_PRODUCTO, MODELO, PROVEEDOR, PRECIO, ESTADO) VALUES(3, 'SAL003', 'Sala Olla Girasoles', 'AliExpress', 1185.75, 1);
INSERT INTO SRP_PRODUCTO(ID_PRODUCTO, CODIGO_PRODUCTO, MODELO, PROVEEDOR, PRECIO, ESTADO) VALUES(4, 'CAJ004', 'Cajonera de concha 5 cajones', 'Wish', 1105, 1);
INSERT INTO SRP_PRODUCTO(ID_PRODUCTO, CODIGO_PRODUCTO, MODELO, PROVEEDOR, PRECIO, ESTADO) VALUES(5, 'ROP005', 'Ropero olla alcatraz', 'AliExpress', 959, 1);
INSERT INTO SRP_PRODUCTO(ID_PRODUCTO, CODIGO_PRODUCTO, MODELO, PROVEEDOR, PRECIO, ESTADO) VALUES(6, 'BAU006', 'Baúl olla alcatraz', 'AliExpress', 325, 1);
INSERT INTO SRP_PRODUCTO(ID_PRODUCTO, CODIGO_PRODUCTO, MODELO, PROVEEDOR, PRECIO, ESTADO) VALUES(7, 'PEI007', 'Peinador olla alcatraz', 'Wish', 950.8, 1);
INSERT INTO SRP_PRODUCTO(ID_PRODUCTO, CODIGO_PRODUCTO, MODELO, PROVEEDOR, PRECIO, ESTADO) VALUES(8, 'MES008', 'Mesa de centro caballos', 'Wish', 199.9, 1);
INSERT INTO SRP_PRODUCTO(ID_PRODUCTO, CODIGO_PRODUCTO, MODELO, PROVEEDOR, PRECIO, ESTADO) VALUES(9, 'CEN009', 'Centro de entretenimiento', 'Wish', 1100, 1);
INSERT INTO SRP_PRODUCTO(ID_PRODUCTO, CODIGO_PRODUCTO, MODELO, PROVEEDOR, PRECIO, ESTADO) VALUES(10, 'POR010', 'Porta television puertas olla ', 'Wish', 215.9, 1);
INSERT INTO SRP_PRODUCTO(ID_PRODUCTO, CODIGO_PRODUCTO, MODELO, PROVEEDOR, PRECIO, ESTADO) VALUES(11, 'COM011', 'Comedor Java', 'Wish', 1900, 1);
INSERT INTO SRP_PRODUCTO(ID_PRODUCTO, CODIGO_PRODUCTO, MODELO, PROVEEDOR, PRECIO, ESTADO) VALUES(12, 'COM012', 'Comedor Zafira', 'AliExpress', 2010, 1);
INSERT INTO SRP_PRODUCTO(ID_PRODUCTO, CODIGO_PRODUCTO, MODELO, PROVEEDOR, PRECIO, ESTADO) VALUES(13, 'MES013', 'Mesa de noche Zafra', 'AliExpress', 90, 1);
INSERT INTO SRP_PRODUCTO(ID_PRODUCTO, CODIGO_PRODUCTO, MODELO, PROVEEDOR, PRECIO, ESTADO) VALUES(14, 'BAN014', 'Banco de madera Vex', 'Wish', 60, 1);
INSERT INTO SRP_PRODUCTO(ID_PRODUCTO, CODIGO_PRODUCTO, MODELO, PROVEEDOR, PRECIO, ESTADO) VALUES(15, 'MIN015', 'Mini banco infantil Zebra', 'AliExpress', 45, 1);
COMMIT;

INSERT INTO SRP_PRODUCTO_X_ALMACEN(ID_PRODUCTO,ID_ALMACEN,STOCK) VALUES(1, 1, 34);
INSERT INTO SRP_PRODUCTO_X_ALMACEN(ID_PRODUCTO,ID_ALMACEN,STOCK) VALUES(2, 1, 32);
INSERT INTO SRP_PRODUCTO_X_ALMACEN(ID_PRODUCTO,ID_ALMACEN,STOCK) VALUES(3, 1, 20);
INSERT INTO SRP_PRODUCTO_X_ALMACEN(ID_PRODUCTO,ID_ALMACEN,STOCK) VALUES(4, 1, 14);
INSERT INTO SRP_PRODUCTO_X_ALMACEN(ID_PRODUCTO,ID_ALMACEN,STOCK) VALUES(5, 1, 27);
INSERT INTO SRP_PRODUCTO_X_ALMACEN(ID_PRODUCTO,ID_ALMACEN,STOCK) VALUES(6, 1, 3);
INSERT INTO SRP_PRODUCTO_X_ALMACEN(ID_PRODUCTO,ID_ALMACEN,STOCK) VALUES(7, 1, 23);
INSERT INTO SRP_PRODUCTO_X_ALMACEN(ID_PRODUCTO,ID_ALMACEN,STOCK) VALUES(8, 1, 30);
INSERT INTO SRP_PRODUCTO_X_ALMACEN(ID_PRODUCTO,ID_ALMACEN,STOCK) VALUES(9, 1, 16);
INSERT INTO SRP_PRODUCTO_X_ALMACEN(ID_PRODUCTO,ID_ALMACEN,STOCK) VALUES(10, 1, 36);
INSERT INTO SRP_PRODUCTO_X_ALMACEN(ID_PRODUCTO,ID_ALMACEN,STOCK) VALUES(11, 1, 20);
INSERT INTO SRP_PRODUCTO_X_ALMACEN(ID_PRODUCTO,ID_ALMACEN,STOCK) VALUES(12, 1, 17);
INSERT INTO SRP_PRODUCTO_X_ALMACEN(ID_PRODUCTO,ID_ALMACEN,STOCK) VALUES(13, 1, 27);
INSERT INTO SRP_PRODUCTO_X_ALMACEN(ID_PRODUCTO,ID_ALMACEN,STOCK) VALUES(14, 1, 23);
INSERT INTO SRP_PRODUCTO_X_ALMACEN(ID_PRODUCTO,ID_ALMACEN,STOCK) VALUES(15, 1, 22);
INSERT INTO SRP_PRODUCTO_X_ALMACEN(ID_PRODUCTO,ID_ALMACEN,STOCK) VALUES(1, 2, 35);
INSERT INTO SRP_PRODUCTO_X_ALMACEN(ID_PRODUCTO,ID_ALMACEN,STOCK) VALUES(2, 2, 27);
INSERT INTO SRP_PRODUCTO_X_ALMACEN(ID_PRODUCTO,ID_ALMACEN,STOCK) VALUES(3, 2, 30);
INSERT INTO SRP_PRODUCTO_X_ALMACEN(ID_PRODUCTO,ID_ALMACEN,STOCK) VALUES(4, 2, 29);
INSERT INTO SRP_PRODUCTO_X_ALMACEN(ID_PRODUCTO,ID_ALMACEN,STOCK) VALUES(5, 2, 2);
INSERT INTO SRP_PRODUCTO_X_ALMACEN(ID_PRODUCTO,ID_ALMACEN,STOCK) VALUES(6, 2, 13);
INSERT INTO SRP_PRODUCTO_X_ALMACEN(ID_PRODUCTO,ID_ALMACEN,STOCK) VALUES(7, 2, 6);
INSERT INTO SRP_PRODUCTO_X_ALMACEN(ID_PRODUCTO,ID_ALMACEN,STOCK) VALUES(8, 2, 29);
INSERT INTO SRP_PRODUCTO_X_ALMACEN(ID_PRODUCTO,ID_ALMACEN,STOCK) VALUES(9, 2, 21);
INSERT INTO SRP_PRODUCTO_X_ALMACEN(ID_PRODUCTO,ID_ALMACEN,STOCK) VALUES(10, 2, 31);
INSERT INTO SRP_PRODUCTO_X_ALMACEN(ID_PRODUCTO,ID_ALMACEN,STOCK) VALUES(11, 2, 14);
INSERT INTO SRP_PRODUCTO_X_ALMACEN(ID_PRODUCTO,ID_ALMACEN,STOCK) VALUES(12, 2, 3);
INSERT INTO SRP_PRODUCTO_X_ALMACEN(ID_PRODUCTO,ID_ALMACEN,STOCK) VALUES(13, 2, 33);
INSERT INTO SRP_PRODUCTO_X_ALMACEN(ID_PRODUCTO,ID_ALMACEN,STOCK) VALUES(14, 2, 40);
INSERT INTO SRP_PRODUCTO_X_ALMACEN(ID_PRODUCTO,ID_ALMACEN,STOCK) VALUES(15, 2, 5);
INSERT INTO SRP_PRODUCTO_X_ALMACEN(ID_PRODUCTO,ID_ALMACEN,STOCK) VALUES(1, 3, 18);
INSERT INTO SRP_PRODUCTO_X_ALMACEN(ID_PRODUCTO,ID_ALMACEN,STOCK) VALUES(2, 3, 32);
INSERT INTO SRP_PRODUCTO_X_ALMACEN(ID_PRODUCTO,ID_ALMACEN,STOCK) VALUES(3, 3, 23);
INSERT INTO SRP_PRODUCTO_X_ALMACEN(ID_PRODUCTO,ID_ALMACEN,STOCK) VALUES(4, 3, 9);
INSERT INTO SRP_PRODUCTO_X_ALMACEN(ID_PRODUCTO,ID_ALMACEN,STOCK) VALUES(5, 3, 3);
INSERT INTO SRP_PRODUCTO_X_ALMACEN(ID_PRODUCTO,ID_ALMACEN,STOCK) VALUES(6, 3, 26);
INSERT INTO SRP_PRODUCTO_X_ALMACEN(ID_PRODUCTO,ID_ALMACEN,STOCK) VALUES(7, 3, 13);
INSERT INTO SRP_PRODUCTO_X_ALMACEN(ID_PRODUCTO,ID_ALMACEN,STOCK) VALUES(8, 3, 3);
INSERT INTO SRP_PRODUCTO_X_ALMACEN(ID_PRODUCTO,ID_ALMACEN,STOCK) VALUES(9, 3, 12);
INSERT INTO SRP_PRODUCTO_X_ALMACEN(ID_PRODUCTO,ID_ALMACEN,STOCK) VALUES(10, 3, 9);
INSERT INTO SRP_PRODUCTO_X_ALMACEN(ID_PRODUCTO,ID_ALMACEN,STOCK) VALUES(11, 3, 16);
INSERT INTO SRP_PRODUCTO_X_ALMACEN(ID_PRODUCTO,ID_ALMACEN,STOCK) VALUES(12, 3, 3);
INSERT INTO SRP_PRODUCTO_X_ALMACEN(ID_PRODUCTO,ID_ALMACEN,STOCK) VALUES(13, 3, 0);
INSERT INTO SRP_PRODUCTO_X_ALMACEN(ID_PRODUCTO,ID_ALMACEN,STOCK) VALUES(14, 3, 22);
INSERT INTO SRP_PRODUCTO_X_ALMACEN(ID_PRODUCTO,ID_ALMACEN,STOCK) VALUES(15, 3, 37);
INSERT INTO SRP_PRODUCTO_X_ALMACEN(ID_PRODUCTO,ID_ALMACEN,STOCK) VALUES(1, 4, 16);
INSERT INTO SRP_PRODUCTO_X_ALMACEN(ID_PRODUCTO,ID_ALMACEN,STOCK) VALUES(2, 4, 37);
INSERT INTO SRP_PRODUCTO_X_ALMACEN(ID_PRODUCTO,ID_ALMACEN,STOCK) VALUES(3, 4, 38);
INSERT INTO SRP_PRODUCTO_X_ALMACEN(ID_PRODUCTO,ID_ALMACEN,STOCK) VALUES(4, 4, 32);
INSERT INTO SRP_PRODUCTO_X_ALMACEN(ID_PRODUCTO,ID_ALMACEN,STOCK) VALUES(5, 4, 19);
INSERT INTO SRP_PRODUCTO_X_ALMACEN(ID_PRODUCTO,ID_ALMACEN,STOCK) VALUES(6, 4, 19);
INSERT INTO SRP_PRODUCTO_X_ALMACEN(ID_PRODUCTO,ID_ALMACEN,STOCK) VALUES(7, 4, 20);
INSERT INTO SRP_PRODUCTO_X_ALMACEN(ID_PRODUCTO,ID_ALMACEN,STOCK) VALUES(8, 4, 21);
INSERT INTO SRP_PRODUCTO_X_ALMACEN(ID_PRODUCTO,ID_ALMACEN,STOCK) VALUES(9, 4, 25);
INSERT INTO SRP_PRODUCTO_X_ALMACEN(ID_PRODUCTO,ID_ALMACEN,STOCK) VALUES(10, 4, 40);
INSERT INTO SRP_PRODUCTO_X_ALMACEN(ID_PRODUCTO,ID_ALMACEN,STOCK) VALUES(11, 4, 15);
INSERT INTO SRP_PRODUCTO_X_ALMACEN(ID_PRODUCTO,ID_ALMACEN,STOCK) VALUES(12, 4, 16);
INSERT INTO SRP_PRODUCTO_X_ALMACEN(ID_PRODUCTO,ID_ALMACEN,STOCK) VALUES(13, 4, 36);
INSERT INTO SRP_PRODUCTO_X_ALMACEN(ID_PRODUCTO,ID_ALMACEN,STOCK) VALUES(14, 4, 25);
INSERT INTO SRP_PRODUCTO_X_ALMACEN(ID_PRODUCTO,ID_ALMACEN,STOCK) VALUES(15, 4, 4);
COMMIT;

INSERT INTO SRP_DIRECCION(ID_DIRECCION, DIRECCION, LATITUD, LONGITUD, ID_DISTRITO, ID_CLIENTE, ES_PRINCIPAL, ESTADO) VALUES(1, 'Rio Paucartambo 5702, Los Olivos 15304', -11.96809, -77.06838,'150117', 1, 1, 1);
INSERT INTO SRP_DIRECCION(ID_DIRECCION, DIRECCION, LATITUD, LONGITUD, ID_DISTRITO, ID_CLIENTE, ES_PRINCIPAL, ESTADO) VALUES(2, 'Los Jardines Del Naranjal II Calle 4, Cercado de Lima 15112', -11.97890, -77.09644,'150101', 1, 0, 1);
INSERT INTO SRP_DIRECCION(ID_DIRECCION, DIRECCION, LATITUD, LONGITUD, ID_DISTRITO, ID_CLIENTE, ES_PRINCIPAL, ESTADO) VALUES(3, 'Cpv Oquendo, Brasilia, Callao 07031', -11.97827, -77.12193,'070101', 2, 1, 1);
INSERT INTO SRP_DIRECCION(ID_DIRECCION, DIRECCION, LATITUD, LONGITUD, ID_DISTRITO, ID_CLIENTE, ES_PRINCIPAL, ESTADO) VALUES(4, 'Calle 6, Callao 07046', -11.98552, -77.12552,'070101', 2, 0, 1);
INSERT INTO SRP_DIRECCION(ID_DIRECCION, DIRECCION, LATITUD, LONGITUD, ID_DISTRITO, ID_CLIENTE, ES_PRINCIPAL, ESTADO) VALUES(5, 'Bocanegra Sector 3, Calle Alfa, Callao 07041', -12.02641, -77.09745,'070101', 3, 1, 1);
INSERT INTO SRP_DIRECCION(ID_DIRECCION, DIRECCION, LATITUD, LONGITUD, ID_DISTRITO, ID_CLIENTE, ES_PRINCIPAL, ESTADO) VALUES(6, 'Jiron Washington 863, Cercado de Lima 15001', -12.05075, -77.03978,'150101', 4, 1, 1);
INSERT INTO SRP_DIRECCION(ID_DIRECCION, DIRECCION, LATITUD, LONGITUD, ID_DISTRITO, ID_CLIENTE, ES_PRINCIPAL, ESTADO) VALUES(7, 'Enrique Lopez Albujar 1417, Cercado de Lima 15083', -12.06284, -77.06467,'150101', 12, 0, 1);
INSERT INTO SRP_DIRECCION(ID_DIRECCION, DIRECCION, LATITUD, LONGITUD, ID_DISTRITO, ID_CLIENTE, ES_PRINCIPAL, ESTADO) VALUES(8, 'Av. Juan Pardo de Zela 158, Cercado de Lima 15046', -12.08407, -77.03523,'150101', 6, 1, 1);
INSERT INTO SRP_DIRECCION(ID_DIRECCION, DIRECCION, LATITUD, LONGITUD, ID_DISTRITO, ID_CLIENTE, ES_PRINCIPAL, ESTADO) VALUES(9, 'Calle Domingo Elias 231, Miraflores 15046', -12.11252, -77.02862,'150122', 4, 0, 1);
INSERT INTO SRP_DIRECCION(ID_DIRECCION, DIRECCION, LATITUD, LONGITUD, ID_DISTRITO, ID_CLIENTE, ES_PRINCIPAL, ESTADO) VALUES(10, 'Jr. Diana 345, Distrito de Lima 15054', -12.16413, -76.99489,'150101', 7, 0, 1);
INSERT INTO SRP_DIRECCION(ID_DIRECCION, DIRECCION, LATITUD, LONGITUD, ID_DISTRITO, ID_CLIENTE, ES_PRINCIPAL, ESTADO) VALUES(11, 'San Rodolfo 402, Distrito de Lima 15067', -12.19173, -77.00956,'150101', 8, 0, 1);
INSERT INTO SRP_DIRECCION(ID_DIRECCION, DIRECCION, LATITUD, LONGITUD, ID_DISTRITO, ID_CLIENTE, ES_PRINCIPAL, ESTADO) VALUES(12, 'Av. Villa Maria 1516, Lima', -12.15848, -76.93871,'150101', 9, 1, 1);
INSERT INTO SRP_DIRECCION(ID_DIRECCION, DIRECCION, LATITUD, LONGITUD, ID_DISTRITO, ID_CLIENTE, ES_PRINCIPAL, ESTADO) VALUES(13, 'Calle 7 363-410, Cercado de Lima 15026', -12.08316, -76.93098,'150101', 10, 1, 1);
INSERT INTO SRP_DIRECCION(ID_DIRECCION, DIRECCION, LATITUD, LONGITUD, ID_DISTRITO, ID_CLIENTE, ES_PRINCIPAL, ESTADO) VALUES(14, 'Las Fresas 124, Lima', -12.03162, -76.93372,'150101', 11, 1, 1);
INSERT INTO SRP_DIRECCION(ID_DIRECCION, DIRECCION, LATITUD, LONGITUD, ID_DISTRITO, ID_CLIENTE, ES_PRINCIPAL, ESTADO) VALUES(15, 'Ave Los Incas 1244, Ate', -12.00547, -76.83792,'150103', 12, 1, 1);
INSERT INTO SRP_DIRECCION(ID_DIRECCION, DIRECCION, LATITUD, LONGITUD, ID_DISTRITO, ID_CLIENTE, ES_PRINCIPAL, ESTADO) VALUES(16, 'Av Central 11, Villa EL Salvador', -12.22333, -76.92783,'150142', 5, 1, 1);
INSERT INTO SRP_DIRECCION(ID_DIRECCION, DIRECCION, LATITUD, LONGITUD, ID_DISTRITO, ID_CLIENTE, ES_PRINCIPAL, ESTADO) VALUES(17, 'Jr. Las Gardenias, Lurin', -12.30222, -76.84707,'150119', 8, 1, 1);
INSERT INTO SRP_DIRECCION(ID_DIRECCION, DIRECCION, LATITUD, LONGITUD, ID_DISTRITO, ID_CLIENTE, ES_PRINCIPAL, ESTADO) VALUES(18, 'Antigua Panamericana Sur 3500, Punta Negra', -12.37144, -76.78697,'150127', 8, 0, 1);
INSERT INTO SRP_DIRECCION(ID_DIRECCION, DIRECCION, LATITUD, LONGITUD, ID_DISTRITO, ID_CLIENTE, ES_PRINCIPAL, ESTADO) VALUES(19, 'Benjamin Diaz Lossio, Pucusana', -12.47092, -76.75075,'150124', 7, 1, 1);
COMMIT;

INSERT INTO SRP_PEDIDO(ID_PEDIDO, FECHA_PEDIDO, ID_CLIENTE, MONTO_TOTAL, MONTO_IGV, ID_DIRECCION, OBSERVACIONES, ESTADO) VALUES(1, TO_DATE('2021-04-05', 'YYYY-MM-DD'), 1, 13741.31, 2473.44, 1, 'Direccion Original Cliente 1', 4);
INSERT INTO SRP_PEDIDO(ID_PEDIDO, FECHA_PEDIDO, ID_CLIENTE, MONTO_TOTAL, MONTO_IGV, ID_DIRECCION, OBSERVACIONES, ESTADO) VALUES(2, TO_DATE('2021-04-06', 'YYYY-MM-DD'), 4, 518.47, 93.33, 9, 'Direccion Original Cliente 4', 4);
INSERT INTO SRP_PEDIDO(ID_PEDIDO, FECHA_PEDIDO, ID_CLIENTE, MONTO_TOTAL, MONTO_IGV, ID_DIRECCION, OBSERVACIONES, ESTADO) VALUES(3, TO_DATE('2021-05-06', 'YYYY-MM-DD'), 1, 9856.44, 1774.16, 1, 'Direccion Original Cliente 1', 4);
INSERT INTO SRP_PEDIDO(ID_PEDIDO, FECHA_PEDIDO, ID_CLIENTE, MONTO_TOTAL, MONTO_IGV, ID_DIRECCION, OBSERVACIONES, ESTADO) VALUES(4, TO_DATE('2021-05-06', 'YYYY-MM-DD'), 4, 4906.78, 883.22, 6, 'Direccion Original Cliente 4', 4);
INSERT INTO SRP_PEDIDO(ID_PEDIDO, FECHA_PEDIDO, ID_CLIENTE, MONTO_TOTAL, MONTO_IGV, ID_DIRECCION, OBSERVACIONES, ESTADO) VALUES(5, TO_DATE('2021-06-07', 'YYYY-MM-DD'), 1, 365.93, 65.87, 1, 'Direccion Original Cliente 1', 4);
INSERT INTO SRP_PEDIDO(ID_PEDIDO, FECHA_PEDIDO, ID_CLIENTE, MONTO_TOTAL, MONTO_IGV, ID_DIRECCION, OBSERVACIONES, ESTADO) VALUES(6, TO_DATE('2021-06-07', 'YYYY-MM-DD'), 12, 5057.8, 910.4, 15, 'Direccion Original Cliente 12', 4);
INSERT INTO SRP_PEDIDO(ID_PEDIDO, FECHA_PEDIDO, ID_CLIENTE, MONTO_TOTAL, MONTO_IGV, ID_DIRECCION, OBSERVACIONES, ESTADO) VALUES(7, TO_DATE('2021-07-07', 'YYYY-MM-DD'), 12, 1625.42, 292.58, 15, 'Direccion Original Cliente 12', 4);
INSERT INTO SRP_PEDIDO(ID_PEDIDO, FECHA_PEDIDO, ID_CLIENTE, MONTO_TOTAL, MONTO_IGV, ID_DIRECCION, OBSERVACIONES, ESTADO) VALUES(8, TO_DATE('2021-07-07', 'YYYY-MM-DD'), 9, 6377.12, 1147.88, 12, 'Direccion Original Cliente 9', 4);
INSERT INTO SRP_PEDIDO(ID_PEDIDO, FECHA_PEDIDO, ID_CLIENTE, MONTO_TOTAL, MONTO_IGV, ID_DIRECCION, OBSERVACIONES, ESTADO) VALUES(9, TO_DATE('2021-08-07', 'YYYY-MM-DD'), 8, 7867.12, 1416.08, 11, 'Direccion Original Cliente 8', 4);
INSERT INTO SRP_PEDIDO(ID_PEDIDO, FECHA_PEDIDO, ID_CLIENTE, MONTO_TOTAL, MONTO_IGV, ID_DIRECCION, OBSERVACIONES, ESTADO) VALUES(10, TO_DATE('2021-09-08', 'YYYY-MM-DD'), 1, 5878.64, 1058.16, 1, 'Direccion Original Cliente 1', 4);
INSERT INTO SRP_PEDIDO(ID_PEDIDO, FECHA_PEDIDO, ID_CLIENTE, MONTO_TOTAL, MONTO_IGV, ID_DIRECCION, OBSERVACIONES, ESTADO) VALUES(11, TO_DATE('2021-10-04', 'YYYY-MM-DD'), 3, 12559.15, 2260.65, 5, 'Direccion Original Cliente 3', 4);
INSERT INTO SRP_PEDIDO(ID_PEDIDO, FECHA_PEDIDO, ID_CLIENTE, MONTO_TOTAL, MONTO_IGV, ID_DIRECCION, OBSERVACIONES, ESTADO) VALUES(12, TO_DATE('2021-10-04', 'YYYY-MM-DD'), 11, 5530.68, 995.52, 14, 'Direccion Original Cliente 11', 4);
INSERT INTO SRP_PEDIDO(ID_PEDIDO, FECHA_PEDIDO, ID_CLIENTE, MONTO_TOTAL, MONTO_IGV, ID_DIRECCION, OBSERVACIONES, ESTADO) VALUES(13, TO_DATE('2021-10-01', 'YYYY-MM-DD'), 7, 721.86, 129.94, 10, 'Direccion Original Cliente 7', 4);
INSERT INTO SRP_PEDIDO(ID_PEDIDO, FECHA_PEDIDO, ID_CLIENTE, MONTO_TOTAL, MONTO_IGV, ID_DIRECCION, OBSERVACIONES, ESTADO) VALUES(14, TO_DATE('2021-10-01', 'YYYY-MM-DD'), 1, 14587.8, 2625.8, 1, 'Direccion Original Cliente 1', 4);
INSERT INTO SRP_PEDIDO(ID_PEDIDO, FECHA_PEDIDO, ID_CLIENTE, MONTO_TOTAL, MONTO_IGV, ID_DIRECCION, OBSERVACIONES, ESTADO) VALUES(15, TO_DATE('2021-10-01', 'YYYY-MM-DD'), 11, 13495.76, 2429.24, 14, 'Direccion Original Cliente 11', 4);
COMMIT;

INSERT INTO SRP_DETALLE_PEDIDO(ID_PEDIDO, ID_PRODUCTO, CANTIDAD, PRECIO, ESTADO) VALUES(1, 12, 2, 4020, 1);
INSERT INTO SRP_DETALLE_PEDIDO(ID_PEDIDO, ID_PRODUCTO, CANTIDAD, PRECIO, ESTADO) VALUES(1, 3, 1, 1185.75, 1);
INSERT INTO SRP_DETALLE_PEDIDO(ID_PEDIDO, ID_PRODUCTO, CANTIDAD, PRECIO, ESTADO) VALUES(1, 4, 3, 3315, 1);
INSERT INTO SRP_DETALLE_PEDIDO(ID_PEDIDO, ID_PRODUCTO, CANTIDAD, PRECIO, ESTADO) VALUES(1, 5, 1, 959, 1);
INSERT INTO SRP_DETALLE_PEDIDO(ID_PEDIDO, ID_PRODUCTO, CANTIDAD, PRECIO, ESTADO) VALUES(1, 6, 1, 325, 1);
INSERT INTO SRP_DETALLE_PEDIDO(ID_PEDIDO, ID_PRODUCTO, CANTIDAD, PRECIO, ESTADO) VALUES(1, 9, 4, 4400, 1);
INSERT INTO SRP_DETALLE_PEDIDO(ID_PEDIDO, ID_PRODUCTO, CANTIDAD, PRECIO, ESTADO) VALUES(2, 15, 4, 180, 1);
INSERT INTO SRP_DETALLE_PEDIDO(ID_PEDIDO, ID_PRODUCTO, CANTIDAD, PRECIO, ESTADO) VALUES(2, 10, 2, 431.8, 1);
INSERT INTO SRP_DETALLE_PEDIDO(ID_PEDIDO, ID_PRODUCTO, CANTIDAD, PRECIO, ESTADO) VALUES(3, 7, 2, 1901.6, 1);
INSERT INTO SRP_DETALLE_PEDIDO(ID_PEDIDO, ID_PRODUCTO, CANTIDAD, PRECIO, ESTADO) VALUES(3, 15, 4, 180, 1);
INSERT INTO SRP_DETALLE_PEDIDO(ID_PEDIDO, ID_PRODUCTO, CANTIDAD, PRECIO, ESTADO) VALUES(3, 9, 2, 2200, 1);
INSERT INTO SRP_DETALLE_PEDIDO(ID_PEDIDO, ID_PRODUCTO, CANTIDAD, PRECIO, ESTADO) VALUES(3, 12, 3, 6030, 1);
INSERT INTO SRP_DETALLE_PEDIDO(ID_PEDIDO, ID_PRODUCTO, CANTIDAD, PRECIO, ESTADO) VALUES(3, 13, 4, 360, 1);
INSERT INTO SRP_DETALLE_PEDIDO(ID_PEDIDO, ID_PRODUCTO, CANTIDAD, PRECIO, ESTADO) VALUES(3, 5, 1, 959, 1);
INSERT INTO SRP_DETALLE_PEDIDO(ID_PEDIDO, ID_PRODUCTO, CANTIDAD, PRECIO, ESTADO) VALUES(4, 11, 3, 5700, 1);
INSERT INTO SRP_DETALLE_PEDIDO(ID_PEDIDO, ID_PRODUCTO, CANTIDAD, PRECIO, ESTADO) VALUES(4, 15, 2, 90, 1);
INSERT INTO SRP_DETALLE_PEDIDO(ID_PEDIDO, ID_PRODUCTO, CANTIDAD, PRECIO, ESTADO) VALUES(5, 10, 2, 431.8, 1);
INSERT INTO SRP_DETALLE_PEDIDO(ID_PEDIDO, ID_PRODUCTO, CANTIDAD, PRECIO, ESTADO) VALUES(6, 10, 2, 431.8, 1);
INSERT INTO SRP_DETALLE_PEDIDO(ID_PEDIDO, ID_PRODUCTO, CANTIDAD, PRECIO, ESTADO) VALUES(6, 7, 1, 950.8, 1);
INSERT INTO SRP_DETALLE_PEDIDO(ID_PEDIDO, ID_PRODUCTO, CANTIDAD, PRECIO, ESTADO) VALUES(6, 1, 1, 1550, 1);
INSERT INTO SRP_DETALLE_PEDIDO(ID_PEDIDO, ID_PRODUCTO, CANTIDAD, PRECIO, ESTADO) VALUES(6, 12, 1, 2010, 1);
INSERT INTO SRP_DETALLE_PEDIDO(ID_PEDIDO, ID_PRODUCTO, CANTIDAD, PRECIO, ESTADO) VALUES(6, 8, 3, 599.7, 1);
INSERT INTO SRP_DETALLE_PEDIDO(ID_PEDIDO, ID_PRODUCTO, CANTIDAD, PRECIO, ESTADO) VALUES(6, 2, 1, 425.9, 1);
INSERT INTO SRP_DETALLE_PEDIDO(ID_PEDIDO, ID_PRODUCTO, CANTIDAD, PRECIO, ESTADO) VALUES(7, 5, 2, 1918, 1);
INSERT INTO SRP_DETALLE_PEDIDO(ID_PEDIDO, ID_PRODUCTO, CANTIDAD, PRECIO, ESTADO) VALUES(8, 11, 2, 3800, 1);
INSERT INTO SRP_DETALLE_PEDIDO(ID_PEDIDO, ID_PRODUCTO, CANTIDAD, PRECIO, ESTADO) VALUES(8, 6, 4, 1300, 1);
INSERT INTO SRP_DETALLE_PEDIDO(ID_PEDIDO, ID_PRODUCTO, CANTIDAD, PRECIO, ESTADO) VALUES(8, 15, 1, 45, 1);
INSERT INTO SRP_DETALLE_PEDIDO(ID_PEDIDO, ID_PRODUCTO, CANTIDAD, PRECIO, ESTADO) VALUES(8, 14, 3, 180, 1);
INSERT INTO SRP_DETALLE_PEDIDO(ID_PEDIDO, ID_PRODUCTO, CANTIDAD, PRECIO, ESTADO) VALUES(8, 9, 2, 2200, 1);
INSERT INTO SRP_DETALLE_PEDIDO(ID_PEDIDO, ID_PRODUCTO, CANTIDAD, PRECIO, ESTADO) VALUES(9, 1, 2, 3100, 1);
INSERT INTO SRP_DETALLE_PEDIDO(ID_PEDIDO, ID_PRODUCTO, CANTIDAD, PRECIO, ESTADO) VALUES(9, 15, 4, 180, 1);
INSERT INTO SRP_DETALLE_PEDIDO(ID_PEDIDO, ID_PRODUCTO, CANTIDAD, PRECIO, ESTADO) VALUES(9, 9, 2, 2200, 1);
INSERT INTO SRP_DETALLE_PEDIDO(ID_PEDIDO, ID_PRODUCTO, CANTIDAD, PRECIO, ESTADO) VALUES(9, 7, 4, 3803.2, 1);
INSERT INTO SRP_DETALLE_PEDIDO(ID_PEDIDO, ID_PRODUCTO, CANTIDAD, PRECIO, ESTADO) VALUES(10, 13, 4, 360, 1);
INSERT INTO SRP_DETALLE_PEDIDO(ID_PEDIDO, ID_PRODUCTO, CANTIDAD, PRECIO, ESTADO) VALUES(10, 5, 3, 2877, 1);
INSERT INTO SRP_DETALLE_PEDIDO(ID_PEDIDO, ID_PRODUCTO, CANTIDAD, PRECIO, ESTADO) VALUES(10, 9, 3, 3300, 1);
INSERT INTO SRP_DETALLE_PEDIDO(ID_PEDIDO, ID_PRODUCTO, CANTIDAD, PRECIO, ESTADO) VALUES(10, 8, 2, 399.8, 1);
INSERT INTO SRP_DETALLE_PEDIDO(ID_PEDIDO, ID_PRODUCTO, CANTIDAD, PRECIO, ESTADO) VALUES(11, 11, 2, 3800, 1);
INSERT INTO SRP_DETALLE_PEDIDO(ID_PEDIDO, ID_PRODUCTO, CANTIDAD, PRECIO, ESTADO) VALUES(11, 4, 4, 4420, 1);
INSERT INTO SRP_DETALLE_PEDIDO(ID_PEDIDO, ID_PRODUCTO, CANTIDAD, PRECIO, ESTADO) VALUES(11, 8, 2, 399.8, 1);
INSERT INTO SRP_DETALLE_PEDIDO(ID_PEDIDO, ID_PRODUCTO, CANTIDAD, PRECIO, ESTADO) VALUES(11, 1, 3, 4650, 1);
INSERT INTO SRP_DETALLE_PEDIDO(ID_PEDIDO, ID_PRODUCTO, CANTIDAD, PRECIO, ESTADO) VALUES(12, 2, 3, 1277.7, 1);
INSERT INTO SRP_DETALLE_PEDIDO(ID_PEDIDO, ID_PRODUCTO, CANTIDAD, PRECIO, ESTADO) VALUES(12, 5, 3, 2877, 1);
INSERT INTO SRP_DETALLE_PEDIDO(ID_PEDIDO, ID_PRODUCTO, CANTIDAD, PRECIO, ESTADO) VALUES(12, 3, 2, 2371.5, 1);
INSERT INTO SRP_DETALLE_PEDIDO(ID_PEDIDO, ID_PRODUCTO, CANTIDAD, PRECIO, ESTADO) VALUES(13, 2, 2, 851.8, 1);
INSERT INTO SRP_DETALLE_PEDIDO(ID_PEDIDO, ID_PRODUCTO, CANTIDAD, PRECIO, ESTADO) VALUES(14, 4, 2, 2210, 1);
INSERT INTO SRP_DETALLE_PEDIDO(ID_PEDIDO, ID_PRODUCTO, CANTIDAD, PRECIO, ESTADO) VALUES(14, 11, 3, 5700, 1);
INSERT INTO SRP_DETALLE_PEDIDO(ID_PEDIDO, ID_PRODUCTO, CANTIDAD, PRECIO, ESTADO) VALUES(14, 10, 4, 863.6, 1);
INSERT INTO SRP_DETALLE_PEDIDO(ID_PEDIDO, ID_PRODUCTO, CANTIDAD, PRECIO, ESTADO) VALUES(14, 12, 2, 4020, 1);
INSERT INTO SRP_DETALLE_PEDIDO(ID_PEDIDO, ID_PRODUCTO, CANTIDAD, PRECIO, ESTADO) VALUES(15, 4, 3, 3315, 1);
INSERT INTO SRP_DETALLE_PEDIDO(ID_PEDIDO, ID_PRODUCTO, CANTIDAD, PRECIO, ESTADO) VALUES(15, 13, 4, 360, 1);
INSERT INTO SRP_DETALLE_PEDIDO(ID_PEDIDO, ID_PRODUCTO, CANTIDAD, PRECIO, ESTADO) VALUES(15, 11, 4, 7600, 1);
INSERT INTO SRP_DETALLE_PEDIDO(ID_PEDIDO, ID_PRODUCTO, CANTIDAD, PRECIO, ESTADO) VALUES(15, 1, 3, 4650, 1);
COMMIT;
