INSERT INTO SP_USUARIO (ID_USUARIO, CORREO, CONTRASENHA, NOMBRE, AP_PATERNO, AP_MATERNO, TIPO, SEXO) VALUES (1,'ca@gmail.com', '1234567', 'Carlos', 'Arrasco', 'Cardenas', 'P', 'M');
INSERT INTO SP_USUARIO (ID_USUARIO, CORREO, CONTRASENHA, NOMBRE, AP_PATERNO, AP_MATERNO, TIPO, SEXO) VALUES (2,'chupari_al@gmail.com', 'ADEFXAR13', 'Alida', 'Chupari', 'Cardenas', 'P', 'F');
INSERT INTO SP_USUARIO (ID_USUARIO, CORREO, CONTRASENHA, NOMBRE, AP_PATERNO, AP_MATERNO, TIPO, SEXO) VALUES (3,'chavez_67@gmail.com', 'AER3621SDF', 'Juan', 'Chavez', 'Roman', 'P', 'M');
INSERT INTO SP_USUARIO (ID_USUARIO, CORREO, CONTRASENHA, NOMBRE, AP_PATERNO, AP_MATERNO, TIPO, SEXO) VALUES (4,'gdavila@gmail.com', 'AD3CCK67CS', 'Gabriel', 'Davila', 'Torres', 'P', 'M');
INSERT INTO SP_USUARIO (ID_USUARIO, CORREO, CONTRASENHA, NOMBRE, AP_PATERNO, AP_MATERNO, TIPO, SEXO) VALUES (5,'anna_gut@gmail.com', 'a123422w', 'Anna', 'Gutierrez', 'Perez', 'P', 'F');
INSERT INTO SP_USUARIO (ID_USUARIO, CORREO, CONTRASENHA, NOMBRE, AP_PATERNO, AP_MATERNO, TIPO, SEXO) VALUES (6,'carmenpq@gmail.com', '156gecy7be4', 'Carmen', 'Pereira', 'Ruiz', 'P', 'F');
INSERT INTO SP_USUARIO (ID_USUARIO, CORREO, CONTRASENHA, NOMBRE, AP_PATERNO, AP_MATERNO, TIPO, SEXO) VALUES (7,'pmorales@gmail.com', '3e4rfdcvgc', 'Pilar', 'Morales', 'Vargas', 'P', 'F');
INSERT INTO SP_USUARIO (ID_USUARIO, CORREO, CONTRASENHA, NOMBRE, AP_PATERNO, AP_MATERNO, TIPO, SEXO) VALUES (8,'kparedes@gmail.com', '2dfgvr754', 'Kati', 'Paredes', 'Pardo', 'P', 'F');
INSERT INTO SP_USUARIO (ID_USUARIO, CORREO, CONTRASENHA, NOMBRE, AP_PATERNO, AP_MATERNO, TIPO, SEXO) VALUES (9,'samuel123@gmail.com', '287fedsdds', 'Samuel', 'Carpio', 'Caceres', 'A', 'M');
INSERT INTO SP_USUARIO (ID_USUARIO, CORREO, CONTRASENHA, NOMBRE, AP_PATERNO, AP_MATERNO, TIPO, SEXO) VALUES (10,'renzo_123@gmail.com', '3dx5rd45fc', 'Renzo', 'Ruiz', 'Albino', 'A', 'M');
INSERT INTO SP_USUARIO (ID_USUARIO, CORREO, CONTRASENHA, NOMBRE, AP_PATERNO, AP_MATERNO, TIPO, SEXO) VALUES (11,'mparedes@gmail.com', '2eddrtvcg7hg', 'Maria', 'Paredes', 'Salcedo', 'E', 'F');
INSERT INTO SP_USUARIO (ID_USUARIO, CORREO, CONTRASENHA, NOMBRE, AP_PATERNO, AP_MATERNO, TIPO, SEXO) VALUES (12,'pvaldi@gmail.com', 'ddnwxno83ed', 'Pedro', 'Valdiviezo', 'Ruiz', 'E', 'M');
INSERT INTO SP_USUARIO (ID_USUARIO, CORREO, CONTRASENHA, NOMBRE, AP_PATERNO, AP_MATERNO, TIPO, SEXO) VALUES (13,'fquispe@gmail.com', 'OJ1diL3hzn', 'Felix', 'Quispe', 'Asto', 'P', 'M');
INSERT INTO SP_USUARIO (ID_USUARIO, CORREO, CONTRASENHA, NOMBRE, AP_PATERNO, AP_MATERNO, TIPO, SEXO) VALUES (14,'jtalledo@gmail.com', 'iScijyfeRs', 'Jorge', 'Talledo', 'Ingaroca', 'P', 'M');
INSERT INTO SP_USUARIO (ID_USUARIO, CORREO, CONTRASENHA, NOMBRE, AP_PATERNO, AP_MATERNO, TIPO, SEXO) VALUES (15,'cgomez@gmail.com', '2xcaNSUzam', 'Carlos', 'Gomez', 'Vega', 'P', 'M');
INSERT INTO SP_USUARIO (ID_USUARIO, CORREO, CONTRASENHA, NOMBRE, AP_PATERNO, AP_MATERNO, TIPO, SEXO) VALUES (16,'jwarner@gmail.com', 'dmh9iznKjK', 'Jacinto', 'Warner', 'Lopez', 'P', 'M');
INSERT INTO SP_USUARIO (ID_USUARIO, CORREO, CONTRASENHA, NOMBRE, AP_PATERNO, AP_MATERNO, TIPO, SEXO) VALUES (17,'pporras@gmail.com', 'EG8n1DYoXt', 'Patricia', 'Porras', 'Galindez', 'P', 'F');
INSERT INTO SP_USUARIO (ID_USUARIO, CORREO, CONTRASENHA, NOMBRE, AP_PATERNO, AP_MATERNO, TIPO, SEXO) VALUES (18,'jaimeq@gmail.com', '1234567', 'Jaime', 'Quijote', 'Salazar', 'E', 'M');
INSERT INTO SP_USUARIO (ID_USUARIO, CORREO, CONTRASENHA, NOMBRE, AP_PATERNO, AP_MATERNO, TIPO, SEXO) VALUES (19,'yamileb@gmail.com', '38xnsjaaq', 'Yamile', 'Barrios', 'Tejada', 'A', 'F');

INSERT INTO SP_MODALIDAD (ID_MODALIDAD, NOMBRE, DESCRIPCION) VALUES (1,'PROCESO DE POSTULACION','DOCUMENTO QUE INDICA LA POSTULACION DEL ALUMNO');
INSERT INTO SP_MODALIDAD (ID_MODALIDAD, NOMBRE, DESCRIPCION) VALUES (2,'MATRICULA DE ALUMNO','DOCUMENTO QUE INDICA LA MATRICULA DEL ALUMNO');

INSERT INTO SP_SEMESTRE (ID_SEMESTRE, NOMBRE, FECHA_INICIO, FECHA_FIN) VALUES (1, '2020-1', to_date('15/03/2020', 'dd/mm/yyyy'), to_date('15/07/2020', 'dd/mm/yyyy'));
INSERT INTO SP_SEMESTRE (ID_SEMESTRE, NOMBRE, FECHA_INICIO, FECHA_FIN) VALUES (2, '2020-2', to_date('15/08/2020', 'dd/mm/yyyy'), to_date('15/12/2020', 'dd/mm/yyyy'));
INSERT INTO SP_SEMESTRE (ID_SEMESTRE, NOMBRE, FECHA_INICIO, FECHA_FIN) VALUES (3, '2021-1', to_date('15/03/2021', 'dd/mm/yyyy'), to_date('15/07/2021', 'dd/mm/yyyy'));
INSERT INTO SP_SEMESTRE (ID_SEMESTRE, NOMBRE, FECHA_INICIO, FECHA_FIN) VALUES (4, '2021-2', to_date('15/08/2021', 'dd/mm/yyyy'), to_date('15/12/2021', 'dd/mm/yyyy'));

INSERT INTO SP_DOCUMENTO (ID_DOCUMENTO, NOMBRE, DESCRIPCION, ID_MODALIDAD) VALUES (1,'DNI Postulante','DNI',1);
INSERT INTO SP_DOCUMENTO (ID_DOCUMENTO, NOMBRE, DESCRIPCION, ID_MODALIDAD) VALUES (2,'DNI Padre','DNI Padre',1);
INSERT INTO SP_DOCUMENTO (ID_DOCUMENTO, NOMBRE, DESCRIPCION, ID_MODALIDAD) VALUES (3,'DNI Madre','DNI Madre',1);
INSERT INTO SP_DOCUMENTO (ID_DOCUMENTO, NOMBRE, DESCRIPCION, ID_MODALIDAD) VALUES (4,'Documento de registro del postulante','Documento de registro del postulante',1);
INSERT INTO SP_DOCUMENTO (ID_DOCUMENTO, NOMBRE, DESCRIPCION, ID_MODALIDAD) VALUES (5,'Documento de pago','Documento de pago',1);

INSERT INTO SP_CUENTA (ID_CUENTA, BANCO, TIPO_CUENTA, NRO_CUENTA, NRO_INTERBANCARIO) VALUES (1, 'BBVA', 'A', '1234567891011', '10000234567891011000');
INSERT INTO SP_CUENTA (ID_CUENTA, BANCO, TIPO_CUENTA, NRO_CUENTA, NRO_INTERBANCARIO) VALUES (2, 'BCP', 'C', '1634567891011', '00001634567891011000');
INSERT INTO SP_CUENTA (ID_CUENTA, BANCO, TIPO_CUENTA, NRO_CUENTA, NRO_INTERBANCARIO) VALUES (3, 'Banbif', 'A', '1534567891011', '00001534567891011000');
INSERT INTO SP_CUENTA (ID_CUENTA, BANCO, TIPO_CUENTA, NRO_CUENTA, NRO_INTERBANCARIO) VALUES (4, 'Interbank', 'C', '1034567891011', '00001034567891011000');
INSERT INTO SP_CUENTA (ID_CUENTA, BANCO, TIPO_CUENTA, NRO_CUENTA, NRO_INTERBANCARIO) VALUES (5, 'Mi banco', 'C', '2034567891011', '00002034567891011000');
INSERT INTO SP_CUENTA (ID_CUENTA, BANCO, TIPO_CUENTA, NRO_CUENTA, NRO_INTERBANCARIO) VALUES (6, 'Scotiabank', 'A', '3434567891011', '00003434567891011000');

INSERT INTO SP_CONVOCATORIA (ID_CONVOCATORIA,NOMBRE, DESCRIPCION,ID_SEMESTRE,FECHA_INICIO,FECHA_FIN,ESTADO) VALUES (1,'4to secundaria','Proceso admision 4to secundaria',1,to_date('15/01/2020', 'dd/mm/yyyy'),to_date('28/01/2020', 'dd/mm/yyyy'),'C');
INSERT INTO SP_CONVOCATORIA (ID_CONVOCATORIA,NOMBRE, DESCRIPCION,ID_SEMESTRE,FECHA_INICIO,FECHA_FIN,ESTADO) VALUES (2,'5to secundaria','Proceso admision 5to secundaria',1,to_date('03/01/2020', 'dd/mm/yyyy'),to_date('08/01/2020', 'dd/mm/yyyy'),'C');
INSERT INTO SP_CONVOCATORIA (ID_CONVOCATORIA,NOMBRE, DESCRIPCION,ID_SEMESTRE,FECHA_INICIO,FECHA_FIN,ESTADO) VALUES (3,'Admision general','Proceso admision general',1,to_date('18/01/2020', 'dd/mm/yyyy'),to_date('28/01/2020', 'dd/mm/yyyy'),'C');
INSERT INTO SP_CONVOCATORIA (ID_CONVOCATORIA,NOMBRE, DESCRIPCION,ID_SEMESTRE,FECHA_INICIO,FECHA_FIN,ESTADO) VALUES (4,'4to secundaria','Proceso admision 4to secundaria',2,to_date('15/07/2020', 'dd/mm/yyyy'),to_date('25/07/2020', 'dd/mm/yyyy'),'C');
INSERT INTO SP_CONVOCATORIA (ID_CONVOCATORIA,NOMBRE, DESCRIPCION,ID_SEMESTRE,FECHA_INICIO,FECHA_FIN,ESTADO) VALUES (5,'5to secundaria','Proceso admision 5to secundaria',2,to_date('03/07/2020', 'dd/mm/yyyy'),to_date('08/07/2020', 'dd/mm/yyyy'),'C');
INSERT INTO SP_CONVOCATORIA (ID_CONVOCATORIA,NOMBRE, DESCRIPCION,ID_SEMESTRE,FECHA_INICIO,FECHA_FIN,ESTADO) VALUES (6,'Admision general','Proceso admision general',2,to_date('18/07/2020', 'dd/mm/yyyy'),to_date('26/07/2020', 'dd/mm/yyyy'),'C');

INSERT INTO SP_CONVOCATORIA_MODALIDAD (ID_CONVOCATORIA,ID_MODALIDAD) VALUES (1,1);
INSERT INTO SP_CONVOCATORIA_MODALIDAD (ID_CONVOCATORIA,ID_MODALIDAD) VALUES (2,1);
INSERT INTO SP_CONVOCATORIA_MODALIDAD (ID_CONVOCATORIA,ID_MODALIDAD) VALUES (3,1);
INSERT INTO SP_CONVOCATORIA_MODALIDAD (ID_CONVOCATORIA,ID_MODALIDAD) VALUES (4,1);
INSERT INTO SP_CONVOCATORIA_MODALIDAD (ID_CONVOCATORIA,ID_MODALIDAD) VALUES (5,1);
INSERT INTO SP_CONVOCATORIA_MODALIDAD (ID_CONVOCATORIA,ID_MODALIDAD) VALUES (6,1);

INSERT INTO SP_CENTRO_ESTUDIOS (ID_CENTRO, NOMBRE, DIRECCION, TIPO_CENTRO, TIPO_REGISTRO) VALUES (1, 'CEPRE - La Universidad Politécnica del Oriente', 'Jr. Apolo 231 - Chorrillos', 'P', 'A');
INSERT INTO SP_CENTRO_ESTUDIOS (ID_CENTRO, NOMBRE, DIRECCION, TIPO_CENTRO, TIPO_REGISTRO) VALUES (2, 'Colegio Alfa, Beta y Gamma', 'Jr. Valkiria 1231 - San Borja', 'C', 'M');

INSERT INTO SP_POSTULANTE (ID_POSTULANTE, ID_USUARIO, ID_MODALIDAD, TIPO_DOCUMENTO, NRO_DOCUMENTO, FECHA_NACIMIENTO, TELEFONO, DOMICILIO, ESTADO) VALUES (1,1,1,'D','43578245',to_date('26/07/2006', 'dd/mm/yyyy'),'98441578','Calle 1 nro 678','A');
INSERT INTO SP_POSTULANTE (ID_POSTULANTE, ID_USUARIO, ID_MODALIDAD, TIPO_DOCUMENTO, NRO_DOCUMENTO, FECHA_NACIMIENTO, TELEFONO, DOMICILIO, ESTADO) VALUES (2,2,1,'D','43578247',to_date('20/03/2002', 'dd/mm/yyyy'),'97845178','Calle 2 nro 2025','P');
INSERT INTO SP_POSTULANTE (ID_POSTULANTE, ID_USUARIO, ID_MODALIDAD, TIPO_DOCUMENTO, NRO_DOCUMENTO, FECHA_NACIMIENTO, TELEFONO, DOMICILIO, ESTADO) VALUES (3,3,1,'D','72578247',to_date('01/08/2002', 'dd/mm/yyyy'),'97345378','Calle 3 nro 7815','R');
INSERT INTO SP_POSTULANTE (ID_POSTULANTE, ID_USUARIO, ID_MODALIDAD, TIPO_DOCUMENTO, NRO_DOCUMENTO, FECHA_NACIMIENTO, TELEFONO, DOMICILIO, ESTADO) VALUES (4,4,1,'D','72238247',to_date('10/07/2006', 'dd/mm/yyyy'),'92345378','Jr. Los Arboles','A');
INSERT INTO SP_POSTULANTE (ID_POSTULANTE, ID_USUARIO, ID_MODALIDAD, TIPO_DOCUMENTO, NRO_DOCUMENTO, FECHA_NACIMIENTO, TELEFONO, DOMICILIO, ESTADO) VALUES (5,5,1,'D','34578247',to_date('01/08/2003', 'dd/mm/yyyy'),'97235378','Av. La Paz 123','A');
INSERT INTO SP_POSTULANTE (ID_POSTULANTE, ID_USUARIO, ID_MODALIDAD, TIPO_DOCUMENTO, NRO_DOCUMENTO, FECHA_NACIMIENTO, TELEFONO, DOMICILIO, ESTADO) VALUES (6,6,1,'D','72578247',to_date('05/09/2004', 'dd/mm/yyyy'),'97340378','Av. Brazil 123','A');
INSERT INTO SP_POSTULANTE (ID_POSTULANTE, ID_USUARIO, ID_MODALIDAD, TIPO_DOCUMENTO, NRO_DOCUMENTO, FECHA_NACIMIENTO, TELEFONO, DOMICILIO, ESTADO) VALUES (7,7,1,'D','52578247',to_date('13/04/2005', 'dd/mm/yyyy'),'97312378','Av. Javier Prado 234','P');
INSERT INTO SP_POSTULANTE (ID_POSTULANTE, ID_USUARIO, ID_MODALIDAD, TIPO_DOCUMENTO, NRO_DOCUMENTO, FECHA_NACIMIENTO, TELEFONO, DOMICILIO, ESTADO) VALUES (8,8,1,'D','72128247',to_date('11/10/2005', 'dd/mm/yyyy'),'97343578','Av. San Borja Sur 1465','A');
INSERT INTO SP_POSTULANTE (ID_POSTULANTE, ID_USUARIO, ID_MODALIDAD, TIPO_DOCUMENTO, NRO_DOCUMENTO, FECHA_NACIMIENTO, TELEFONO, DOMICILIO, ESTADO) VALUES (9,9,1,'D','75678247',to_date('20/08/2005', 'dd/mm/yyyy'),'97389378','Calle Z 145','A');
INSERT INTO SP_POSTULANTE (ID_POSTULANTE, ID_USUARIO, ID_MODALIDAD, TIPO_DOCUMENTO, NRO_DOCUMENTO, FECHA_NACIMIENTO, TELEFONO, DOMICILIO, ESTADO) VALUES (10,10,1,'D','75008247',to_date('27/11/2005', 'dd/mm/yyyy'),'97300378','Av. La Molina 909','A');
INSERT INTO SP_POSTULANTE (ID_POSTULANTE, ID_USUARIO, ID_MODALIDAD, TIPO_DOCUMENTO, NRO_DOCUMENTO, FECHA_NACIMIENTO, TELEFONO, DOMICILIO, ESTADO) VALUES (11,11,1,'D','70678047',to_date('07/12/2005', 'dd/mm/yyyy'),'97309278','Jr. San Antonio 234','A');
INSERT INTO SP_POSTULANTE (ID_POSTULANTE, ID_USUARIO, ID_MODALIDAD, TIPO_DOCUMENTO, NRO_DOCUMENTO, FECHA_NACIMIENTO, TELEFONO, DOMICILIO, ESTADO) VALUES (12,12,1,'D','78078247',to_date('09/07/2006', 'dd/mm/yyyy'),'97387378','Calle Lima 125','A');
INSERT INTO SP_POSTULANTE (ID_POSTULANTE, ID_USUARIO, ID_MODALIDAD, TIPO_DOCUMENTO, NRO_DOCUMENTO, FECHA_NACIMIENTO, TELEFONO, DOMICILIO, ESTADO) VALUES (13,13,1,'D','75074247',to_date('11/09/2006', 'dd/mm/yyyy'),'97309378','Calle Rodolfo 346','A');

INSERT INTO SP_POSTULANTE (ID_POSTULANTE, ID_USUARIO, ID_MODALIDAD, TIPO_DOCUMENTO, NRO_DOCUMENTO, FECHA_NACIMIENTO, TELEFONO, DOMICILIO, ESTADO) VALUES (14,14,1,'D','71401032',to_date('11/09/2006', 'dd/mm/yyyy'),'97309378','Calle Rodolfo 346','A');
INSERT INTO SP_POSTULANTE (ID_POSTULANTE, ID_USUARIO, ID_MODALIDAD, TIPO_DOCUMENTO, NRO_DOCUMENTO, FECHA_NACIMIENTO, TELEFONO, DOMICILIO, ESTADO) VALUES (15,15,1,'D','73530731',to_date('12/09/2005', 'dd/mm/yyyy'),'97309378','Calle Rodolfo 346','A');
INSERT INTO SP_POSTULANTE (ID_POSTULANTE, ID_USUARIO, ID_MODALIDAD, TIPO_DOCUMENTO, NRO_DOCUMENTO, FECHA_NACIMIENTO, TELEFONO, DOMICILIO, ESTADO) VALUES (16,16,1,'D','74894538',to_date('28/02/2006', 'dd/mm/yyyy'),'97309378','Calle Rodolfo 346','A');
INSERT INTO SP_POSTULANTE (ID_POSTULANTE, ID_USUARIO, ID_MODALIDAD, TIPO_DOCUMENTO, NRO_DOCUMENTO, FECHA_NACIMIENTO, TELEFONO, DOMICILIO, ESTADO) VALUES (17,17,1,'D','76969823',to_date('13/09/2004', 'dd/mm/yyyy'),'97309378','Calle Rodolfo 346','A');
INSERT INTO SP_POSTULANTE (ID_POSTULANTE, ID_USUARIO, ID_MODALIDAD, TIPO_DOCUMENTO, NRO_DOCUMENTO, FECHA_NACIMIENTO, TELEFONO, DOMICILIO, ESTADO) VALUES (18,18,1,'D','75732598',to_date('11/03/2006', 'dd/mm/yyyy'),'97309378','Calle Rodolfo 346','A');
INSERT INTO SP_POSTULANTE (ID_POSTULANTE, ID_USUARIO, ID_MODALIDAD, TIPO_DOCUMENTO, NRO_DOCUMENTO, FECHA_NACIMIENTO, TELEFONO, DOMICILIO, ESTADO) VALUES (19,19,1,'D','76108885',to_date('21/08/2005', 'dd/mm/yyyy'),'97309378','Calle Rodolfo 346','A');

INSERT INTO SP_PAGO (ID_PAGO,ID_POSTULANTE,ID_CUENTA,MONTO,FECHA_VENCIMIENTO,FECHA_PAGO,CONCEPTO) VALUES (1,1,1,200,to_date('11/01/2020', 'dd/mm/yyyy'),to_date('15/01/2020', 'dd/mm/yyyy'),'D');
INSERT INTO SP_PAGO (ID_PAGO,ID_POSTULANTE,ID_CUENTA,MONTO,FECHA_VENCIMIENTO,FECHA_PAGO,CONCEPTO) VALUES (2,2,2,150,to_date('11/01/2020', 'dd/mm/yyyy'),to_date('10/01/2020', 'dd/mm/yyyy'),'D');
INSERT INTO SP_PAGO (ID_PAGO,ID_POSTULANTE,ID_CUENTA,MONTO,FECHA_VENCIMIENTO,FECHA_PAGO,CONCEPTO) VALUES (3,3,3,100,to_date('11/01/2020', 'dd/mm/yyyy'),to_date('20/02/2020', 'dd/mm/yyyy'),'D');
INSERT INTO SP_PAGO (ID_PAGO,ID_POSTULANTE,ID_CUENTA,MONTO,FECHA_VENCIMIENTO,FECHA_PAGO,CONCEPTO) VALUES (4,4,1,200,to_date('08/07/2020', 'dd/mm/yyyy'),to_date('15/07/2020', 'dd/mm/yyyy'),'D');
INSERT INTO SP_PAGO (ID_PAGO,ID_POSTULANTE,ID_CUENTA,MONTO,FECHA_VENCIMIENTO,FECHA_PAGO,CONCEPTO) VALUES (5,5,1,200,to_date('08/11/2020', 'dd/mm/yyyy'),to_date('08/07/2020', 'dd/mm/yyyy'),'D');
INSERT INTO SP_PAGO (ID_PAGO,ID_POSTULANTE,ID_CUENTA,MONTO,FECHA_VENCIMIENTO,FECHA_PAGO,CONCEPTO) VALUES (6,6,6,200,to_date('08/12/2020', 'dd/mm/yyyy'),NULL,'D');
INSERT INTO SP_PAGO (ID_PAGO,ID_POSTULANTE,ID_CUENTA,MONTO,FECHA_VENCIMIENTO,FECHA_PAGO,CONCEPTO) VALUES (7,7,4,200,to_date('08/12/2020', 'dd/mm/yyyy'),NULL,'D');
INSERT INTO SP_PAGO (ID_PAGO,ID_POSTULANTE,ID_CUENTA,MONTO,FECHA_VENCIMIENTO,FECHA_PAGO,CONCEPTO) VALUES (8,8,1,200,to_date('08/11/2020', 'dd/mm/yyyy'),NULL,'D');
INSERT INTO SP_PAGO (ID_PAGO,ID_POSTULANTE,ID_CUENTA,MONTO,FECHA_VENCIMIENTO,FECHA_PAGO,CONCEPTO) VALUES (9,9,1,200,to_date('08/11/2020', 'dd/mm/yyyy'),NULL,'D');
INSERT INTO SP_PAGO (ID_PAGO,ID_POSTULANTE,ID_CUENTA,MONTO,FECHA_VENCIMIENTO,FECHA_PAGO,CONCEPTO) VALUES (10,10,2,200,to_date('08/07/2020', 'dd/mm/yyyy'),to_date('01/07/2020', 'dd/mm/yyyy'),'D');
INSERT INTO SP_PAGO (ID_PAGO,ID_POSTULANTE,ID_CUENTA,MONTO,FECHA_VENCIMIENTO,FECHA_PAGO,CONCEPTO) VALUES (11,11,2,200,to_date('08/07/2020', 'dd/mm/yyyy'),to_date('08/07/2020', 'dd/mm/yyyy'),'D');
INSERT INTO SP_PAGO (ID_PAGO,ID_POSTULANTE,ID_CUENTA,MONTO,FECHA_VENCIMIENTO,FECHA_PAGO,CONCEPTO) VALUES (12,12,2,200,to_date('08/07/2020', 'dd/mm/yyyy'),to_date('25/07/2020', 'dd/mm/yyyy'),'D');
INSERT INTO SP_PAGO (ID_PAGO,ID_POSTULANTE,ID_CUENTA,MONTO,FECHA_VENCIMIENTO,FECHA_PAGO,CONCEPTO) VALUES (13,13,2,200,to_date('08/07/2020', 'dd/mm/yyyy'),to_date('01/07/2020', 'dd/mm/yyyy'),'D');
INSERT INTO SP_PAGO (ID_PAGO,ID_POSTULANTE,ID_CUENTA,MONTO,FECHA_VENCIMIENTO,FECHA_PAGO,CONCEPTO) VALUES (14,2,2,500,to_date('08/07/2020', 'dd/mm/yyyy'),to_date('01/07/2020', 'dd/mm/yyyy'),'M');
INSERT INTO SP_PAGO (ID_PAGO,ID_POSTULANTE,ID_CUENTA,MONTO,FECHA_VENCIMIENTO,FECHA_PAGO,CONCEPTO) VALUES (15,3,3,500,to_date('08/07/2020', 'dd/mm/yyyy'),to_date('01/07/2020', 'dd/mm/yyyy'),'M');
INSERT INTO SP_PAGO (ID_PAGO,ID_POSTULANTE,ID_CUENTA,MONTO,FECHA_VENCIMIENTO,FECHA_PAGO,CONCEPTO) VALUES (16,13,2,500,to_date('08/10/2020', 'dd/mm/yyyy'),to_date('01/11/2020', 'dd/mm/yyyy'),'M');

INSERT INTO SP_CONVOCATORIA_POSTULANTE (ID_CONVOCATORIA,ID_POSTULANTE) VALUES(1,1);
INSERT INTO SP_CONVOCATORIA_POSTULANTE (ID_CONVOCATORIA,ID_POSTULANTE) VALUES(2,2);
INSERT INTO SP_CONVOCATORIA_POSTULANTE (ID_CONVOCATORIA,ID_POSTULANTE) VALUES(3,3);
INSERT INTO SP_CONVOCATORIA_POSTULANTE (ID_CONVOCATORIA,ID_POSTULANTE) VALUES(4,4);
INSERT INTO SP_CONVOCATORIA_POSTULANTE (ID_CONVOCATORIA,ID_POSTULANTE) VALUES(4,5);
INSERT INTO SP_CONVOCATORIA_POSTULANTE (ID_CONVOCATORIA,ID_POSTULANTE) VALUES(4,6);
INSERT INTO SP_CONVOCATORIA_POSTULANTE (ID_CONVOCATORIA,ID_POSTULANTE) VALUES(4,7);
INSERT INTO SP_CONVOCATORIA_POSTULANTE (ID_CONVOCATORIA,ID_POSTULANTE) VALUES(5,8);
INSERT INTO SP_CONVOCATORIA_POSTULANTE (ID_CONVOCATORIA,ID_POSTULANTE) VALUES(5,9);
INSERT INTO SP_CONVOCATORIA_POSTULANTE (ID_CONVOCATORIA,ID_POSTULANTE) VALUES(6,10);
INSERT INTO SP_CONVOCATORIA_POSTULANTE (ID_CONVOCATORIA,ID_POSTULANTE) VALUES(6,11);
INSERT INTO SP_CONVOCATORIA_POSTULANTE (ID_CONVOCATORIA,ID_POSTULANTE) VALUES(6,12);
INSERT INTO SP_CONVOCATORIA_POSTULANTE (ID_CONVOCATORIA,ID_POSTULANTE) VALUES(6,13);

INSERT INTO SP_DOCUMENTO_POSTULANTE (ID_DOCUMENTO,ID_POSTULANTE,RUTA_ARCHIVO) VALUES (1,1,'//Documentos//ScannedDocuments//Postulante1//');
INSERT INTO SP_DOCUMENTO_POSTULANTE (ID_DOCUMENTO,ID_POSTULANTE,RUTA_ARCHIVO) VALUES (2,1,'//Documentos//ScannedDocuments//Postulante1//');
INSERT INTO SP_DOCUMENTO_POSTULANTE (ID_DOCUMENTO,ID_POSTULANTE,RUTA_ARCHIVO) VALUES (3,1,'//Documentos//ScannedDocuments//Postulante1//');
INSERT INTO SP_DOCUMENTO_POSTULANTE (ID_DOCUMENTO,ID_POSTULANTE,RUTA_ARCHIVO) VALUES (4,1,'//Documentos//ScannedDocuments//Postulante1//');
INSERT INTO SP_DOCUMENTO_POSTULANTE (ID_DOCUMENTO,ID_POSTULANTE,RUTA_ARCHIVO) VALUES (5,1,'//Documentos//ScannedDocuments//Postulante1//');
INSERT INTO SP_DOCUMENTO_POSTULANTE (ID_DOCUMENTO,ID_POSTULANTE,RUTA_ARCHIVO) VALUES (1,2,'//Documentos//ScannedDocuments//Postulante2//');
INSERT INTO SP_DOCUMENTO_POSTULANTE (ID_DOCUMENTO,ID_POSTULANTE,RUTA_ARCHIVO) VALUES (2,2,'//Documentos//ScannedDocuments//Postulante2//');
INSERT INTO SP_DOCUMENTO_POSTULANTE (ID_DOCUMENTO,ID_POSTULANTE,RUTA_ARCHIVO) VALUES (1,3,'//Documentos//ScannedDocuments//Postulante3//');
INSERT INTO SP_DOCUMENTO_POSTULANTE (ID_DOCUMENTO,ID_POSTULANTE,RUTA_ARCHIVO) VALUES (2,3,'//Documentos//ScannedDocuments//Postulante3//');
INSERT INTO SP_DOCUMENTO_POSTULANTE (ID_DOCUMENTO,ID_POSTULANTE,RUTA_ARCHIVO) VALUES (2,4,'//Documentos//ScannedDocuments//Postulante4//');
INSERT INTO SP_DOCUMENTO_POSTULANTE (ID_DOCUMENTO,ID_POSTULANTE,RUTA_ARCHIVO) VALUES (1,5,'//Documentos//ScannedDocuments//Postulante5//');
INSERT INTO SP_DOCUMENTO_POSTULANTE (ID_DOCUMENTO,ID_POSTULANTE,RUTA_ARCHIVO) VALUES (2,5,'//Documentos//ScannedDocuments//Postulante5//');
INSERT INTO SP_DOCUMENTO_POSTULANTE (ID_DOCUMENTO,ID_POSTULANTE,RUTA_ARCHIVO) VALUES (3,5,'//Documentos//ScannedDocuments//Postulante5//');
INSERT INTO SP_DOCUMENTO_POSTULANTE (ID_DOCUMENTO,ID_POSTULANTE,RUTA_ARCHIVO) VALUES (4,5,'//Documentos//ScannedDocuments//Postulante5//');
INSERT INTO SP_DOCUMENTO_POSTULANTE (ID_DOCUMENTO,ID_POSTULANTE,RUTA_ARCHIVO) VALUES (5,5,'//Documentos//ScannedDocuments//Postulante5//');
INSERT INTO SP_DOCUMENTO_POSTULANTE (ID_DOCUMENTO,ID_POSTULANTE,RUTA_ARCHIVO) VALUES (1,6,'//Documentos//ScannedDocuments//Postulante6//');
INSERT INTO SP_DOCUMENTO_POSTULANTE (ID_DOCUMENTO,ID_POSTULANTE,RUTA_ARCHIVO) VALUES (2,6,'//Documentos//ScannedDocuments//Postulante6//');
INSERT INTO SP_DOCUMENTO_POSTULANTE (ID_DOCUMENTO,ID_POSTULANTE,RUTA_ARCHIVO) VALUES (3,6,'//Documentos//ScannedDocuments//Postulante6//');
INSERT INTO SP_DOCUMENTO_POSTULANTE (ID_DOCUMENTO,ID_POSTULANTE,RUTA_ARCHIVO) VALUES (4,6,'//Documentos//ScannedDocuments//Postulante6//');
INSERT INTO SP_DOCUMENTO_POSTULANTE (ID_DOCUMENTO,ID_POSTULANTE,RUTA_ARCHIVO) VALUES (5,6,'//Documentos//ScannedDocuments//Postulante6//');
INSERT INTO SP_DOCUMENTO_POSTULANTE (ID_DOCUMENTO,ID_POSTULANTE,RUTA_ARCHIVO) VALUES (1,7,'//Documentos//ScannedDocuments//Postulante7//');
INSERT INTO SP_DOCUMENTO_POSTULANTE (ID_DOCUMENTO,ID_POSTULANTE,RUTA_ARCHIVO) VALUES (2,7,'//Documentos//ScannedDocuments//Postulante6//');
INSERT INTO SP_DOCUMENTO_POSTULANTE (ID_DOCUMENTO,ID_POSTULANTE,RUTA_ARCHIVO) VALUES (5,8,'//Documentos//ScannedDocuments//Postulante8//');
INSERT INTO SP_DOCUMENTO_POSTULANTE (ID_DOCUMENTO,ID_POSTULANTE,RUTA_ARCHIVO) VALUES (1,9,'//Documentos//ScannedDocuments//Postulante9//');
INSERT INTO SP_DOCUMENTO_POSTULANTE (ID_DOCUMENTO,ID_POSTULANTE,RUTA_ARCHIVO) VALUES (2,9,'//Documentos//ScannedDocuments//Postulante9//');
INSERT INTO SP_DOCUMENTO_POSTULANTE (ID_DOCUMENTO,ID_POSTULANTE,RUTA_ARCHIVO) VALUES (3,9,'//Documentos//ScannedDocuments//Postulante9//');
INSERT INTO SP_DOCUMENTO_POSTULANTE (ID_DOCUMENTO,ID_POSTULANTE,RUTA_ARCHIVO) VALUES (4,9,'//Documentos//ScannedDocuments//Postulante9//');
INSERT INTO SP_DOCUMENTO_POSTULANTE (ID_DOCUMENTO,ID_POSTULANTE,RUTA_ARCHIVO) VALUES (5,9,'//Documentos//ScannedDocuments//Postulante9//');
INSERT INTO SP_DOCUMENTO_POSTULANTE (ID_DOCUMENTO,ID_POSTULANTE,RUTA_ARCHIVO) VALUES (1,10,'//Documentos//ScannedDocuments//Postulante10//');
INSERT INTO SP_DOCUMENTO_POSTULANTE (ID_DOCUMENTO,ID_POSTULANTE,RUTA_ARCHIVO) VALUES (1,11,'//Documentos//ScannedDocuments//Postulante11//');
INSERT INTO SP_DOCUMENTO_POSTULANTE (ID_DOCUMENTO,ID_POSTULANTE,RUTA_ARCHIVO) VALUES (1,12,'//Documentos//ScannedDocuments//Postulante12//');
INSERT INTO SP_DOCUMENTO_POSTULANTE (ID_DOCUMENTO,ID_POSTULANTE,RUTA_ARCHIVO) VALUES (2,12,'//Documentos//ScannedDocuments//Postulante12//');
INSERT INTO SP_DOCUMENTO_POSTULANTE (ID_DOCUMENTO,ID_POSTULANTE,RUTA_ARCHIVO) VALUES (3,12,'//Documentos//ScannedDocuments//Postulante12//');
INSERT INTO SP_DOCUMENTO_POSTULANTE (ID_DOCUMENTO,ID_POSTULANTE,RUTA_ARCHIVO) VALUES (4,12,'//Documentos//ScannedDocuments//Postulante12//');
INSERT INTO SP_DOCUMENTO_POSTULANTE (ID_DOCUMENTO,ID_POSTULANTE,RUTA_ARCHIVO) VALUES (5,12,'//Documentos//ScannedDocuments//Postulante12//');
INSERT INTO SP_DOCUMENTO_POSTULANTE (ID_DOCUMENTO,ID_POSTULANTE,RUTA_ARCHIVO) VALUES (1,13,'//Documentos//ScannedDocuments//Postulante13//');
INSERT INTO SP_DOCUMENTO_POSTULANTE (ID_DOCUMENTO,ID_POSTULANTE,RUTA_ARCHIVO) VALUES (5,13,'//Documentos//ScannedDocuments//Postulante13//');

INSERT INTO SP_POSTULANTE_CENTRO (ID_POSTULANTE,ID_CENTRO,FECHA_INICIO,FECHA_FIN) VALUES (1,1,to_date('08/07/2017', 'dd/mm/yyyy'),to_date('15/12/2018', 'dd/mm/yyyy'));
INSERT INTO SP_POSTULANTE_CENTRO (ID_POSTULANTE,ID_CENTRO,FECHA_INICIO,FECHA_FIN) VALUES (2,1,to_date('08/07/2018', 'dd/mm/yyyy'),to_date('15/12/2019', 'dd/mm/yyyy'));
INSERT INTO SP_POSTULANTE_CENTRO (ID_POSTULANTE,ID_CENTRO,FECHA_INICIO,FECHA_FIN) VALUES (3,1,to_date('08/07/2015', 'dd/mm/yyyy'),to_date('15/12/2019', 'dd/mm/yyyy'));
INSERT INTO SP_POSTULANTE_CENTRO (ID_POSTULANTE,ID_CENTRO,FECHA_INICIO,FECHA_FIN) VALUES (4,1,to_date('08/07/2016', 'dd/mm/yyyy'),to_date('15/12/2019', 'dd/mm/yyyy'));
INSERT INTO SP_POSTULANTE_CENTRO (ID_POSTULANTE,ID_CENTRO,FECHA_INICIO,FECHA_FIN) VALUES (5,2,to_date('08/07/2017', 'dd/mm/yyyy'),to_date('15/12/2018', 'dd/mm/yyyy'));
INSERT INTO SP_POSTULANTE_CENTRO (ID_POSTULANTE,ID_CENTRO,FECHA_INICIO,FECHA_FIN) VALUES (6,1,to_date('08/03/2016', 'dd/mm/yyyy'),to_date('15/12/2019', 'dd/mm/yyyy'));
INSERT INTO SP_POSTULANTE_CENTRO (ID_POSTULANTE,ID_CENTRO,FECHA_INICIO,FECHA_FIN) VALUES (7,2,to_date('08/03/2015', 'dd/mm/yyyy'),to_date('15/12/2019', 'dd/mm/yyyy'));
INSERT INTO SP_POSTULANTE_CENTRO (ID_POSTULANTE,ID_CENTRO,FECHA_INICIO,FECHA_FIN) VALUES (8,1,to_date('08/03/2017', 'dd/mm/yyyy'),to_date('15/12/2019', 'dd/mm/yyyy'));
INSERT INTO SP_POSTULANTE_CENTRO (ID_POSTULANTE,ID_CENTRO,FECHA_INICIO,FECHA_FIN) VALUES (9,2,to_date('08/03/2019', 'dd/mm/yyyy'),to_date('15/12/2019', 'dd/mm/yyyy'));
INSERT INTO SP_POSTULANTE_CENTRO (ID_POSTULANTE,ID_CENTRO,FECHA_INICIO,FECHA_FIN) VALUES (10,2,to_date('08/03/2017', 'dd/mm/yyyy'),to_date('15/12/2019', 'dd/mm/yyyy'));
INSERT INTO SP_POSTULANTE_CENTRO (ID_POSTULANTE,ID_CENTRO,FECHA_INICIO,FECHA_FIN) VALUES (11,2,to_date('08/03/2017', 'dd/mm/yyyy'),to_date('15/12/2019', 'dd/mm/yyyy'));
INSERT INTO SP_POSTULANTE_CENTRO (ID_POSTULANTE,ID_CENTRO,FECHA_INICIO,FECHA_FIN) VALUES (12,2,to_date('08/03/2016', 'dd/mm/yyyy'),to_date('15/12/2019', 'dd/mm/yyyy'));
INSERT INTO SP_POSTULANTE_CENTRO (ID_POSTULANTE,ID_CENTRO,FECHA_INICIO,FECHA_FIN) VALUES (13,2,to_date('08/03/2015', 'dd/mm/yyyy'),to_date('15/12/2019', 'dd/mm/yyyy'));

INSERT INTO SP_APODERADO (ID_APODERADO, ID_POSTULANTE, NOMBRE_COMPLETO, PARENTESCO, OCUPACION, TRABAJO, CONTACTO) VALUES (1,1,'Alejandro Magno', 'P', 'Ing. Civil', 'Telefonica', '015557894');
INSERT INTO SP_APODERADO (ID_APODERADO, ID_POSTULANTE, NOMBRE_COMPLETO, PARENTESCO, OCUPACION, TRABAJO, CONTACTO) VALUES (2,2,'Anna Karla', 'M', 'Economista', 'BCR', '987415478');
INSERT INTO SP_APODERADO (ID_APODERADO, ID_POSTULANTE, NOMBRE_COMPLETO, PARENTESCO, OCUPACION, TRABAJO, CONTACTO) VALUES (3,3,'Pedro Mendoza', 'P', 'Psicologo', 'Orbis', '987714236');
INSERT INTO SP_APODERADO (ID_APODERADO, ID_POSTULANTE, NOMBRE_COMPLETO, PARENTESCO, OCUPACION, TRABAJO, CONTACTO) VALUES (4,4,'Maria Lucia', 'M', 'Ama de Casa', '-', '013589615');
INSERT INTO SP_APODERADO (ID_APODERADO, ID_POSTULANTE, NOMBRE_COMPLETO, PARENTESCO, OCUPACION, TRABAJO, CONTACTO) VALUES (5,5,'Felix Sarmiento', 'P', 'Ing. Electrico', 'Mina Buenaventura', '9746144203');
INSERT INTO SP_APODERADO (ID_APODERADO, ID_POSTULANTE, NOMBRE_COMPLETO, PARENTESCO, OCUPACION, TRABAJO, CONTACTO) VALUES (6,6,'Felicita Rios', 'F', 'Profesor catedratico', 'UPC', '015487925');
INSERT INTO SP_APODERADO (ID_APODERADO, ID_POSTULANTE, NOMBRE_COMPLETO, PARENTESCO, OCUPACION, TRABAJO, CONTACTO) VALUES (7,7,'Kevin Paredes', 'F', 'Jubilado', '-', '975661489');
INSERT INTO SP_APODERADO (ID_APODERADO, ID_POSTULANTE, NOMBRE_COMPLETO, PARENTESCO, OCUPACION, TRABAJO, CONTACTO) VALUES (8,8,'Violeta Ramos', 'F', 'Jubilado', '-', '018792536');
INSERT INTO SP_APODERADO (ID_APODERADO, ID_POSTULANTE, NOMBRE_COMPLETO, PARENTESCO, OCUPACION, TRABAJO, CONTACTO) VALUES (9,9,'Maritza Trujillano', 'M', 'Sociologa', 'Banco BCP', '926641879');
INSERT INTO SP_APODERADO (ID_APODERADO, ID_POSTULANTE, NOMBRE_COMPLETO, PARENTESCO, OCUPACION, TRABAJO, CONTACTO) VALUES (10,10,'Martha Chavez', 'M', 'Consultora', 'Entel', '015557894');
INSERT INTO SP_APODERADO (ID_APODERADO, ID_POSTULANTE, NOMBRE_COMPLETO, PARENTESCO, OCUPACION, TRABAJO, CONTACTO) VALUES (11,11,'Roberto Iglesias', 'P', 'Ing.Industrial', 'Backus', '97461879');
INSERT INTO SP_APODERADO (ID_APODERADO, ID_POSTULANTE, NOMBRE_COMPLETO, PARENTESCO, OCUPACION, TRABAJO, CONTACTO) VALUES (12,12,'Jonhathan Pacheco', 'P', 'Ing. Informatico', 'Google', '94006412');
INSERT INTO SP_APODERADO (ID_APODERADO, ID_POSTULANTE, NOMBRE_COMPLETO, PARENTESCO, OCUPACION, TRABAJO, CONTACTO) VALUES (13,13,'Aurelio Vasquez', 'P', 'Ing. Civil', '-', '94006412');
INSERT INTO SP_APODERADO (ID_APODERADO, ID_POSTULANTE, NOMBRE_COMPLETO, PARENTESCO, OCUPACION, TRABAJO, CONTACTO) VALUES (14,14,'Maricarmen Lora', 'P', 'Ing. Minas', '-', '94006412');
INSERT INTO SP_APODERADO (ID_APODERADO, ID_POSTULANTE, NOMBRE_COMPLETO, PARENTESCO, OCUPACION, TRABAJO, CONTACTO) VALUES (15,15,'Luciana Garcia', 'P', 'Ing. Telecomunicaciones', 'Claro', '94686412');
INSERT INTO SP_APODERADO (ID_APODERADO, ID_POSTULANTE, NOMBRE_COMPLETO, PARENTESCO, OCUPACION, TRABAJO, CONTACTO) VALUES (16,16,'Erika Aguilera', 'P', 'Ing. Informatico', 'Facebook', '95434412');
INSERT INTO SP_APODERADO (ID_APODERADO, ID_POSTULANTE, NOMBRE_COMPLETO, PARENTESCO, OCUPACION, TRABAJO, CONTACTO) VALUES (17,17,'Kelly Higgins', 'P', 'Ing. Industrial', '-', '94034412');
INSERT INTO SP_APODERADO (ID_APODERADO, ID_POSTULANTE, NOMBRE_COMPLETO, PARENTESCO, OCUPACION, TRABAJO, CONTACTO) VALUES (18,18,'Carolina Carrasco', 'P', 'Ing. Mecatronico', '-', '93453412');
INSERT INTO SP_APODERADO (ID_APODERADO, ID_POSTULANTE, NOMBRE_COMPLETO, PARENTESCO, OCUPACION, TRABAJO, CONTACTO) VALUES (19,19,'Kimmy Martinez', 'P', 'Ing. Biologico', '-', '94034512');