-- INF246 - BASES DE DATOS
-- 3ra. Práctica (Tipo B)
-- PARTE CALIFICADA
--
-- Carga inicial de datos.

/* DEPARTAMENTO AMAZONAS: PROVINCIAS Y DISTRITOS */

INSERT INTO GE_DEPARTAMENTO VALUES('010000','AMAZONAS');

INSERT INTO GE_PROVINCIA VALUES('010100','CHACHAPOYAS','010000');
INSERT INTO GE_DISTRITO VALUES('010101','CHACHAPOYAS','010100');
INSERT INTO GE_DISTRITO VALUES('010102','ASUNCION','010100');
INSERT INTO GE_DISTRITO VALUES('010103','BALSAS','010100');
INSERT INTO GE_DISTRITO VALUES('010104','CHETO','010100');
INSERT INTO GE_DISTRITO VALUES('010105','CHILIQUIN','010100');
INSERT INTO GE_DISTRITO VALUES('010106','CHUQUIBAMBA','010100');
INSERT INTO GE_DISTRITO VALUES('010107','GRANADA','010100');
INSERT INTO GE_DISTRITO VALUES('010108','HUANCAS','010100');
INSERT INTO GE_DISTRITO VALUES('010109','LA JALCA','010100');
INSERT INTO GE_DISTRITO VALUES('010110','LEIMEBAMBA','010100');
INSERT INTO GE_DISTRITO VALUES('010111','LEVANTO','010100');
INSERT INTO GE_DISTRITO VALUES('010112','MAGDALENA','010100');
INSERT INTO GE_DISTRITO VALUES('010113','MARISCAL CASTILLA','010100');
INSERT INTO GE_DISTRITO VALUES('010114','MOLINOPAMPA','010100');
INSERT INTO GE_DISTRITO VALUES('010115','MONTEVIDEO','010100');
INSERT INTO GE_DISTRITO VALUES('010116','OLLEROS','010100');
INSERT INTO GE_DISTRITO VALUES('010117','QUINJALCA','010100');
INSERT INTO GE_DISTRITO VALUES('010118','SAN FRANCISCO DE DAGUAS','010100');
INSERT INTO GE_DISTRITO VALUES('010119','SAN ISIDRO DE MAINO','010100');
INSERT INTO GE_DISTRITO VALUES('010120','SOLOCO','010100');
INSERT INTO GE_DISTRITO VALUES('010121','SONCHE','010100');

INSERT INTO GE_PROVINCIA VALUES('010200','BAGUA','010000');
INSERT INTO GE_DISTRITO VALUES('010201','LA PECA','010200');
INSERT INTO GE_DISTRITO VALUES('010202','ARAMANGO','010200');
INSERT INTO GE_DISTRITO VALUES('010203','COPALLIN','010200');
INSERT INTO GE_DISTRITO VALUES('010204','EL PARCO','010200');
INSERT INTO GE_DISTRITO VALUES('010205','IMAZA','010200');

INSERT INTO GE_PROVINCIA VALUES('010300','BONGARA','010000');
INSERT INTO GE_DISTRITO VALUES('010301','JUMBILLA','010300');
INSERT INTO GE_DISTRITO VALUES('010302','CHISQUILLA','010300');
INSERT INTO GE_DISTRITO VALUES('010303','CHURUJA','010300');
INSERT INTO GE_DISTRITO VALUES('010304','COROSHA','010300');
INSERT INTO GE_DISTRITO VALUES('010305','CUISPES','010300');
INSERT INTO GE_DISTRITO VALUES('010306','FLORIDA','010300');
INSERT INTO GE_DISTRITO VALUES('010307','JAZAN','010300');
INSERT INTO GE_DISTRITO VALUES('010308','RECTA','010300');
INSERT INTO GE_DISTRITO VALUES('010309','SAN CARLOS','010300');
INSERT INTO GE_DISTRITO VALUES('010310','SHIPASBAMBA','010300');
INSERT INTO GE_DISTRITO VALUES('010311','VALERA','010300');
INSERT INTO GE_DISTRITO VALUES('010312','YAMBRASBAMBA','010300');

INSERT INTO GE_PROVINCIA VALUES('010400','CONDORCANQUI','010000');
INSERT INTO GE_DISTRITO VALUES('010401','NIEVA','010400');
INSERT INTO GE_DISTRITO VALUES('010402','EL CENEPA','010400');
INSERT INTO GE_DISTRITO VALUES('010403','RIO SANTIAGO','010400');

INSERT INTO GE_PROVINCIA VALUES('010500','LUYA','010000');
INSERT INTO GE_DISTRITO VALUES('010501','LAMUD','010500');
INSERT INTO GE_DISTRITO VALUES('010502','CAMPORREDONDO','010500');
INSERT INTO GE_DISTRITO VALUES('010503','COCABAMBA','010500');
INSERT INTO GE_DISTRITO VALUES('010504','COLCAMAR','010500');
INSERT INTO GE_DISTRITO VALUES('010505','CONILA','010500');
INSERT INTO GE_DISTRITO VALUES('010506','INGUILPATA','010500');
INSERT INTO GE_DISTRITO VALUES('010507','LONGUITA','010500');
INSERT INTO GE_DISTRITO VALUES('010508','LONYA CHICO','010500');
INSERT INTO GE_DISTRITO VALUES('010509','LUYA','010500');
INSERT INTO GE_DISTRITO VALUES('010510','LUYA VIEJO','010500');
INSERT INTO GE_DISTRITO VALUES('010511','MARIA','010500');
INSERT INTO GE_DISTRITO VALUES('010512','OCALLI','010500');
INSERT INTO GE_DISTRITO VALUES('010513','OCUMAL','010500');
INSERT INTO GE_DISTRITO VALUES('010514','PISUQUIA','010500');
INSERT INTO GE_DISTRITO VALUES('010515','PROVIDENCIA','010500');
INSERT INTO GE_DISTRITO VALUES('010516','SAN CRISTOBAL','010500');
INSERT INTO GE_DISTRITO VALUES('010517','SAN FRANCISCO DEL YESO','010500');
INSERT INTO GE_DISTRITO VALUES('010518','SAN JERONIMO','010500');
INSERT INTO GE_DISTRITO VALUES('010519','SAN JUAN DE LOPECANCHA','010500');
INSERT INTO GE_DISTRITO VALUES('010520','SANTA CATALINA','010500');
INSERT INTO GE_DISTRITO VALUES('010521','SANTO TOMAS','010500');
INSERT INTO GE_DISTRITO VALUES('010522','TINGO','010500');
INSERT INTO GE_DISTRITO VALUES('010523','TRITA','010500');

INSERT INTO GE_PROVINCIA VALUES('010600','RODRIGUEZ DE MENDOZA','010000');
INSERT INTO GE_DISTRITO VALUES('010601','SAN NICOLAS','010600');
INSERT INTO GE_DISTRITO VALUES('010602','CHIRIMOTO','010600');
INSERT INTO GE_DISTRITO VALUES('010603','COCHAMAL','010600');
INSERT INTO GE_DISTRITO VALUES('010604','HUAMBO','010600');
INSERT INTO GE_DISTRITO VALUES('010605','LIMABAMBA','010600');
INSERT INTO GE_DISTRITO VALUES('010606','LONGAR','010600');
INSERT INTO GE_DISTRITO VALUES('010607','MARISCAL BENAVIDES','010600');
INSERT INTO GE_DISTRITO VALUES('010608','MILPUC','010600');
INSERT INTO GE_DISTRITO VALUES('010609','OMIA','010600');
INSERT INTO GE_DISTRITO VALUES('010610','SANTA ROSA','010600');
INSERT INTO GE_DISTRITO VALUES('010611','TOTORA','010600');
INSERT INTO GE_DISTRITO VALUES('010612','VISTA ALEGRE','010600');

INSERT INTO GE_PROVINCIA VALUES('010700','UTCUBAMBA','010000');
INSERT INTO GE_DISTRITO VALUES('010701','BAGUA GRANDE','010700');
INSERT INTO GE_DISTRITO VALUES('010702','CAJARURO','010700');
INSERT INTO GE_DISTRITO VALUES('010703','CUMBA','010700');
INSERT INTO GE_DISTRITO VALUES('010704','EL MILAGRO','010700');
INSERT INTO GE_DISTRITO VALUES('010705','JAMALCA','010700');
INSERT INTO GE_DISTRITO VALUES('010706','LONYA GRANDE','010700');
INSERT INTO GE_DISTRITO VALUES('010707','YAMON','010700');

/* DEPARTAMENTO ÁNCASH: PROVINCIAS Y DISTRITOS */

INSERT INTO GE_DEPARTAMENTO VALUES('020000','ANCASH');

INSERT INTO GE_PROVINCIA VALUES('020100','HUARAZ','020000');
INSERT INTO GE_DISTRITO VALUES('020101','HUARAZ','020100');
INSERT INTO GE_DISTRITO VALUES('020102','COCHABAMBA','020100');
INSERT INTO GE_DISTRITO VALUES('020103','COLCABAMBA','020100');
INSERT INTO GE_DISTRITO VALUES('020104','HUANCHAY','020100');
INSERT INTO GE_DISTRITO VALUES('020105','INDEPENDENCIA','020100');
INSERT INTO GE_DISTRITO VALUES('020106','JANGAS','020100');
INSERT INTO GE_DISTRITO VALUES('020107','LA LIBERTAD','020100');
INSERT INTO GE_DISTRITO VALUES('020108','OLLEROS','020100');
INSERT INTO GE_DISTRITO VALUES('020109','PAMPAS','020100');
INSERT INTO GE_DISTRITO VALUES('020110','PARIACOTO','020100');
INSERT INTO GE_DISTRITO VALUES('020111','PIRA','020100');
INSERT INTO GE_DISTRITO VALUES('020112','TARICA','020100');

INSERT INTO GE_PROVINCIA VALUES('020200','AIJA','020000');
INSERT INTO GE_DISTRITO VALUES('020201','AIJA','020200');
INSERT INTO GE_DISTRITO VALUES('020202','CORIS','020200');
INSERT INTO GE_DISTRITO VALUES('020203','HUACLLAN','020200');
INSERT INTO GE_DISTRITO VALUES('020204','LA MERCED','020200');
INSERT INTO GE_DISTRITO VALUES('020205','SUCCHA','020200');

INSERT INTO GE_PROVINCIA VALUES('020300','ANTONIO RAYMONDI','020000');
INSERT INTO GE_DISTRITO VALUES('020301','LLAMELLIN','020300');
INSERT INTO GE_DISTRITO VALUES('020302','ACZO','020300');
INSERT INTO GE_DISTRITO VALUES('020303','CHACCHO','020300');
INSERT INTO GE_DISTRITO VALUES('020304','CHINGAS','020300');
INSERT INTO GE_DISTRITO VALUES('020305','MIRGAS','020300');
INSERT INTO GE_DISTRITO VALUES('020306','SAN JUAN DE RONTOY','020300');

INSERT INTO GE_PROVINCIA VALUES('020400','ASUNCION','020000');
INSERT INTO GE_DISTRITO VALUES('020401','CHACAS','020400');
INSERT INTO GE_DISTRITO VALUES('020402','ACOCHACA','020400');

INSERT INTO GE_PROVINCIA VALUES('020500','BOLOGNESI','020000');
INSERT INTO GE_DISTRITO VALUES('020501','CHIQUIAN','020500');
INSERT INTO GE_DISTRITO VALUES('020502','ABELARDO PARDO LEZAMETA','020500');
INSERT INTO GE_DISTRITO VALUES('020503','ANTONIO RAYMONDI','020500');
INSERT INTO GE_DISTRITO VALUES('020504','AQUIA','020500');
INSERT INTO GE_DISTRITO VALUES('020505','CAJACAY','020500');
INSERT INTO GE_DISTRITO VALUES('020506','CANIS','020500');
INSERT INTO GE_DISTRITO VALUES('020507','COLQUIOC','020500');
INSERT INTO GE_DISTRITO VALUES('020508','HUALLANCA','020500');
INSERT INTO GE_DISTRITO VALUES('020509','HUASTA','020500');
INSERT INTO GE_DISTRITO VALUES('020510','HUAYLLACAYAN','020500');
INSERT INTO GE_DISTRITO VALUES('020511','LA PRIMAVERA','020500');
INSERT INTO GE_DISTRITO VALUES('020512','MANGAS','020500');
INSERT INTO GE_DISTRITO VALUES('020513','PACLLON','020500');
INSERT INTO GE_DISTRITO VALUES('020514','SAN MIGUEL DE CORPANQUI','020500');
INSERT INTO GE_DISTRITO VALUES('020515','TICLLOS','020500');

INSERT INTO GE_PROVINCIA VALUES('020600','CARHUAZ','020000');
INSERT INTO GE_DISTRITO VALUES('020601','CARHUAZ','020600');
INSERT INTO GE_DISTRITO VALUES('020602','ACOPAMPA','020600');
INSERT INTO GE_DISTRITO VALUES('020603','AMASHCA','020600');
INSERT INTO GE_DISTRITO VALUES('020604','ANTA','020600');
INSERT INTO GE_DISTRITO VALUES('020605','ATAQUERO','020600');
INSERT INTO GE_DISTRITO VALUES('020606','MARCARA','020600');
INSERT INTO GE_DISTRITO VALUES('020607','PARIAHUANCA','020600');
INSERT INTO GE_DISTRITO VALUES('020608','SAN MIGUEL DE ACO','020600');
INSERT INTO GE_DISTRITO VALUES('020609','SHILLA','020600');
INSERT INTO GE_DISTRITO VALUES('020610','TINCO','020600');
INSERT INTO GE_DISTRITO VALUES('020611','YUNGAR','020600');

INSERT INTO GE_PROVINCIA VALUES('020700','CARLOS FERMIN FITZCARRALD','020000');
INSERT INTO GE_DISTRITO VALUES('020701','SAN LUIS','020700');
INSERT INTO GE_DISTRITO VALUES('020702','SAN NICOLAS','020700');
INSERT INTO GE_DISTRITO VALUES('020703','YAUYA','020700');

INSERT INTO GE_PROVINCIA VALUES('020800','CASMA','020000');
INSERT INTO GE_DISTRITO VALUES('020801','CASMA','020800');
INSERT INTO GE_DISTRITO VALUES('020802','BUENA VISTA ALTA','020800');
INSERT INTO GE_DISTRITO VALUES('020803','COMANDANTE NOEL','020800');
INSERT INTO GE_DISTRITO VALUES('020804','YAUTAN','020800');

INSERT INTO GE_PROVINCIA VALUES('020900','CORONGO','020000');
INSERT INTO GE_DISTRITO VALUES('020901','CORONGO','020900');
INSERT INTO GE_DISTRITO VALUES('020902','ACO','020900');
INSERT INTO GE_DISTRITO VALUES('020903','BAMBAS','020900');
INSERT INTO GE_DISTRITO VALUES('020904','CUSCA','020900');
INSERT INTO GE_DISTRITO VALUES('020905','LA PAMPA','020900');
INSERT INTO GE_DISTRITO VALUES('020906','YANAC','020900');
INSERT INTO GE_DISTRITO VALUES('020907','YUPAN','020900');

INSERT INTO GE_PROVINCIA VALUES('021000','HUARI','020000');
INSERT INTO GE_DISTRITO VALUES('021001','HUARI','021000');
INSERT INTO GE_DISTRITO VALUES('021002','ANRA','021000');
INSERT INTO GE_DISTRITO VALUES('021003','CAJAY','021000');
INSERT INTO GE_DISTRITO VALUES('021004','CHAVIN DE HUANTAR','021000');
INSERT INTO GE_DISTRITO VALUES('021005','HUACACHI','021000');
INSERT INTO GE_DISTRITO VALUES('021006','HUACCHIS','021000');
INSERT INTO GE_DISTRITO VALUES('021007','HUACHIS','021000');
INSERT INTO GE_DISTRITO VALUES('021008','HUANTAR','021000');
INSERT INTO GE_DISTRITO VALUES('021009','MASIN','021000');
INSERT INTO GE_DISTRITO VALUES('021010','PAUCAS','021000');
INSERT INTO GE_DISTRITO VALUES('021011','PONTO','021000');
INSERT INTO GE_DISTRITO VALUES('021012','RAHUAPAMPA','021000');
INSERT INTO GE_DISTRITO VALUES('021013','RAPAYAN','021000');
INSERT INTO GE_DISTRITO VALUES('021014','SAN MARCOS','021000');
INSERT INTO GE_DISTRITO VALUES('021015','SAN PEDRO DE CHANA','021000');
INSERT INTO GE_DISTRITO VALUES('021016','UCO','021000');

INSERT INTO GE_PROVINCIA VALUES('021100','HUARMEY','020000');
INSERT INTO GE_DISTRITO VALUES('021101','HUARMEY','021100');
INSERT INTO GE_DISTRITO VALUES('021102','COCHAPETI','021100');
INSERT INTO GE_DISTRITO VALUES('021103','CULEBRAS','021100');
INSERT INTO GE_DISTRITO VALUES('021104','HUAYAN','021100');
INSERT INTO GE_DISTRITO VALUES('021105','MALVAS','021100');

INSERT INTO GE_PROVINCIA VALUES('021200','HUAYLAS','020000');
INSERT INTO GE_DISTRITO VALUES('021201','CARAZ','021200');
INSERT INTO GE_DISTRITO VALUES('021202','HUALLANCA','021200');
INSERT INTO GE_DISTRITO VALUES('021203','HUATA','021200');
INSERT INTO GE_DISTRITO VALUES('021204','HUAYLAS','021200');
INSERT INTO GE_DISTRITO VALUES('021205','MATO','021200');
INSERT INTO GE_DISTRITO VALUES('021206','PAMPAROMAS','021200');
INSERT INTO GE_DISTRITO VALUES('021207','PUEBLO LIBRE','021200');
INSERT INTO GE_DISTRITO VALUES('021208','SANTA CRUZ','021200');
INSERT INTO GE_DISTRITO VALUES('021209','SANTO TORIBIO','021200');
INSERT INTO GE_DISTRITO VALUES('021210','YURACMARCA','021200');

INSERT INTO GE_PROVINCIA VALUES('021300','MARISCAL LUZURIAGA','020000');
INSERT INTO GE_DISTRITO VALUES('021301','PISCOBAMBA','021300');
INSERT INTO GE_DISTRITO VALUES('021302','CASCA','021300');
INSERT INTO GE_DISTRITO VALUES('021303','ELEAZAR GUZMAN BARRON','021300');
INSERT INTO GE_DISTRITO VALUES('021304','FIDEL OLIVAS ESCUDERO','021300');
INSERT INTO GE_DISTRITO VALUES('021305','LLAMA','021300');
INSERT INTO GE_DISTRITO VALUES('021306','LLUMPA','021300');
INSERT INTO GE_DISTRITO VALUES('021307','LUCMA','021300');
INSERT INTO GE_DISTRITO VALUES('021308','MUSGA','021300');

INSERT INTO GE_PROVINCIA VALUES('021400','OCROS','020000');
INSERT INTO GE_DISTRITO VALUES('021401','OCROS','021400');
INSERT INTO GE_DISTRITO VALUES('021402','ACAS','021400');
INSERT INTO GE_DISTRITO VALUES('021403','CAJAMARQUILLA','021400');
INSERT INTO GE_DISTRITO VALUES('021404','CARHUAPAMPA','021400');
INSERT INTO GE_DISTRITO VALUES('021405','COCHAS','021400');
INSERT INTO GE_DISTRITO VALUES('021406','CONGAS','021400');
INSERT INTO GE_DISTRITO VALUES('021407','LLIPA','021400');
INSERT INTO GE_DISTRITO VALUES('021408','SAN CRISTOBAL DE RAJAN','021400');
INSERT INTO GE_DISTRITO VALUES('021409','SAN PEDRO','021400');
INSERT INTO GE_DISTRITO VALUES('021410','SANTIAGO DE CHILCAS','021400');

INSERT INTO GE_PROVINCIA VALUES('021500','PALLASCA','020000');
INSERT INTO GE_DISTRITO VALUES('021501','CABANA','021500');
INSERT INTO GE_DISTRITO VALUES('021502','BOLOGNESI','021500');
INSERT INTO GE_DISTRITO VALUES('021503','CONCHUCOS','021500');
INSERT INTO GE_DISTRITO VALUES('021504','HUACASCHUQUE','021500');
INSERT INTO GE_DISTRITO VALUES('021505','HUANDOVAL','021500');
INSERT INTO GE_DISTRITO VALUES('021506','LACABAMBA','021500');
INSERT INTO GE_DISTRITO VALUES('021507','LLAPO','021500');
INSERT INTO GE_DISTRITO VALUES('021508','PALLASCA','021500');
INSERT INTO GE_DISTRITO VALUES('021509','PAMPAS','021500');
INSERT INTO GE_DISTRITO VALUES('021510','SANTA ROSA','021500');
INSERT INTO GE_DISTRITO VALUES('021511','TAUCA','021500');

INSERT INTO GE_PROVINCIA VALUES('021600','POMABAMBA','020000');
INSERT INTO GE_DISTRITO VALUES('021601','POMABAMBA','021600');
INSERT INTO GE_DISTRITO VALUES('021602','HUAYLLAN','021600');
INSERT INTO GE_DISTRITO VALUES('021603','PAROBAMBA','021600');
INSERT INTO GE_DISTRITO VALUES('021604','QUINUABAMBA','021600');

INSERT INTO GE_PROVINCIA VALUES('021700','RECUAY','020000');
INSERT INTO GE_DISTRITO VALUES('021701','RECUAY','021700');
INSERT INTO GE_DISTRITO VALUES('021702','CATAC','021700');
INSERT INTO GE_DISTRITO VALUES('021703','COTAPARACO','021700');
INSERT INTO GE_DISTRITO VALUES('021704','HUAYLLAPAMPA','021700');
INSERT INTO GE_DISTRITO VALUES('021705','LLACLLIN','021700');
INSERT INTO GE_DISTRITO VALUES('021706','MARCA','021700');
INSERT INTO GE_DISTRITO VALUES('021707','PAMPAS CHICO','021700');
INSERT INTO GE_DISTRITO VALUES('021708','PARARIN','021700');
INSERT INTO GE_DISTRITO VALUES('021709','TAPACOCHA','021700');
INSERT INTO GE_DISTRITO VALUES('021710','TICAPAMPA','021700');

INSERT INTO GE_PROVINCIA VALUES('021800','SANTA','020000');
INSERT INTO GE_DISTRITO VALUES('021801','CHIMBOTE','021800');
INSERT INTO GE_DISTRITO VALUES('021802','CACERES DEL PERU','021800');
INSERT INTO GE_DISTRITO VALUES('021803','COISHCO','021800');
INSERT INTO GE_DISTRITO VALUES('021804','MACATE','021800');
INSERT INTO GE_DISTRITO VALUES('021805','MORO','021800');
INSERT INTO GE_DISTRITO VALUES('021806','NEPEÑA','021800');
INSERT INTO GE_DISTRITO VALUES('021807','SAMANCO','021800');
INSERT INTO GE_DISTRITO VALUES('021808','SANTA','021800');
INSERT INTO GE_DISTRITO VALUES('021809','NUEVO CHIMBOTE','021800');

INSERT INTO GE_PROVINCIA VALUES('021900','SIHUAS','020000');
INSERT INTO GE_DISTRITO VALUES('021901','SIHUAS','021900');
INSERT INTO GE_DISTRITO VALUES('021902','ACOBAMBA','021900');
INSERT INTO GE_DISTRITO VALUES('021903','ALFONSO UGARTE','021900');
INSERT INTO GE_DISTRITO VALUES('021904','CASHAPAMPA','021900');
INSERT INTO GE_DISTRITO VALUES('021905','CHINGALPO','021900');
INSERT INTO GE_DISTRITO VALUES('021906','HUAYLLABAMBA','021900');
INSERT INTO GE_DISTRITO VALUES('021907','QUICHES','021900');
INSERT INTO GE_DISTRITO VALUES('021908','RAGASH','021900');
INSERT INTO GE_DISTRITO VALUES('021909','SAN JUAN','021900');
INSERT INTO GE_DISTRITO VALUES('021910','SICSIBAMBA','021900');

INSERT INTO GE_PROVINCIA VALUES('022000','YUNGAY','020000');
INSERT INTO GE_DISTRITO VALUES('022001','YUNGAY','022000');
INSERT INTO GE_DISTRITO VALUES('022002','CASCAPARA','022000');
INSERT INTO GE_DISTRITO VALUES('022003','MANCOS','022000');
INSERT INTO GE_DISTRITO VALUES('022004','MATACOTO','022000');
INSERT INTO GE_DISTRITO VALUES('022005','QUILLO','022000');
INSERT INTO GE_DISTRITO VALUES('022006','RANRAHIRCA','022000');
INSERT INTO GE_DISTRITO VALUES('022007','SHUPLUY','022000');
INSERT INTO GE_DISTRITO VALUES('022008','YANAMA','022000');

/* DEPARTAMENTO APURIMAC: PROVINCIAS Y DISTRITOS */

INSERT INTO GE_DEPARTAMENTO VALUES('030000','APURIMAC');

INSERT INTO GE_PROVINCIA VALUES('030100','ABANCAY','030000');
INSERT INTO GE_DISTRITO VALUES('030101','ABANCAY','030100');
INSERT INTO GE_DISTRITO VALUES('030102','CIRCA','030100');
INSERT INTO GE_DISTRITO VALUES('030103','CURAHUASI','030100');
INSERT INTO GE_DISTRITO VALUES('030104','CHACOCHE','030100');
INSERT INTO GE_DISTRITO VALUES('030105','HUANIPACA','030100');
INSERT INTO GE_DISTRITO VALUES('030106','LAMBRAMA','030100');
INSERT INTO GE_DISTRITO VALUES('030107','PICHIRHUA','030100');
INSERT INTO GE_DISTRITO VALUES('030108','SAN PEDRO DE CACHORA','030100');
INSERT INTO GE_DISTRITO VALUES('030109','TAMBURCO','030100');

INSERT INTO GE_PROVINCIA VALUES('030200','AYMARAES','030000');
INSERT INTO GE_DISTRITO VALUES('030201','CHALHUANCA','030200');
INSERT INTO GE_DISTRITO VALUES('030202','CAPAYA','030200');
INSERT INTO GE_DISTRITO VALUES('030203','CARAYBAMBA','030200');
INSERT INTO GE_DISTRITO VALUES('030204','COLCABAMBA','030200');
INSERT INTO GE_DISTRITO VALUES('030205','COTARUSE','030200');
INSERT INTO GE_DISTRITO VALUES('030206','CHAPIMARCA','030200');
INSERT INTO GE_DISTRITO VALUES('030207','HUAYLLO','030200');
INSERT INTO GE_DISTRITO VALUES('030208','LUCRE','030200');
INSERT INTO GE_DISTRITO VALUES('030209','POCOHUANCA','030200');
INSERT INTO GE_DISTRITO VALUES('030210','SAÑAYCA','030200');
INSERT INTO GE_DISTRITO VALUES('030211','SORAYA','030200');
INSERT INTO GE_DISTRITO VALUES('030212','TAPAIRIHUA','030200');
INSERT INTO GE_DISTRITO VALUES('030213','TINTAY','030200');
INSERT INTO GE_DISTRITO VALUES('030214','TORAYA','030200');
INSERT INTO GE_DISTRITO VALUES('030215','YANACA','030200');
INSERT INTO GE_DISTRITO VALUES('030216','SAN JUAN DE CHACÑA','030200');
INSERT INTO GE_DISTRITO VALUES('030217','JUSTO APU SAHUARAURA','030200');

INSERT INTO GE_PROVINCIA VALUES('030300','ANDAHUAYLAS','030000');
INSERT INTO GE_DISTRITO VALUES('030301','ANDAHUAYLAS','030300');
INSERT INTO GE_DISTRITO VALUES('030302','ANDARAPA','030300');
INSERT INTO GE_DISTRITO VALUES('030303','CHIARA','030300');
INSERT INTO GE_DISTRITO VALUES('030304','HUANCARAMA','030300');
INSERT INTO GE_DISTRITO VALUES('030305','HUANCARAY','030300');
INSERT INTO GE_DISTRITO VALUES('030306','KISHUARA','030300');
INSERT INTO GE_DISTRITO VALUES('030307','PACOBAMBA','030300');
INSERT INTO GE_DISTRITO VALUES('030308','PAMPACHIRI','030300');
INSERT INTO GE_DISTRITO VALUES('030309','SAN ANTONIO DE CACHI','030300');
INSERT INTO GE_DISTRITO VALUES('030310','SAN JERONIMO','030300');
INSERT INTO GE_DISTRITO VALUES('030311','TALAVERA','030300');
INSERT INTO GE_DISTRITO VALUES('030312','TURPO','030300');
INSERT INTO GE_DISTRITO VALUES('030313','PACUCHA','030300');
INSERT INTO GE_DISTRITO VALUES('030314','POMACOCHA','030300');
INSERT INTO GE_DISTRITO VALUES('030315','SANTA MARIA DE CHICMO','030300');
INSERT INTO GE_DISTRITO VALUES('030316','TUMAY HUARACA','030300');
INSERT INTO GE_DISTRITO VALUES('030317','HUAYANA','030300');
INSERT INTO GE_DISTRITO VALUES('030318','SAN MIGUEL DE CHACCRAMPA','030300');
INSERT INTO GE_DISTRITO VALUES('030319','KAQUIABAMBA','030300');

INSERT INTO GE_PROVINCIA VALUES('030400','ANTABAMBA','030000');
INSERT INTO GE_DISTRITO VALUES('030401','ANTABAMBA','030400');
INSERT INTO GE_DISTRITO VALUES('030402','EL ORO','030400');
INSERT INTO GE_DISTRITO VALUES('030403','HUAQUIRCA','030400');
INSERT INTO GE_DISTRITO VALUES('030404','JUAN ESPINOZA MEDRANO','030400');
INSERT INTO GE_DISTRITO VALUES('030405','OROPESA','030400');
INSERT INTO GE_DISTRITO VALUES('030406','PACHACONAS','030400');
INSERT INTO GE_DISTRITO VALUES('030407','SABAINO','030400');

INSERT INTO GE_PROVINCIA VALUES('030500','COTABAMBAS','030000');
INSERT INTO GE_DISTRITO VALUES('030501','TAMBOBAMBA','030500');
INSERT INTO GE_DISTRITO VALUES('030502','COYLLURQUI','030500');
INSERT INTO GE_DISTRITO VALUES('030503','COTABAMBAS','030500');
INSERT INTO GE_DISTRITO VALUES('030504','HAQUIRA','030500');
INSERT INTO GE_DISTRITO VALUES('030505','MARA','030500');
INSERT INTO GE_DISTRITO VALUES('030506','CHALLHUAHUACHO','030500');

INSERT INTO GE_PROVINCIA VALUES('030600','GRAU','030000');
INSERT INTO GE_DISTRITO VALUES('030601','CHUQUIBAMBILLA','030600');
INSERT INTO GE_DISTRITO VALUES('030602','CURPAHUASI','030600');
INSERT INTO GE_DISTRITO VALUES('030603','HUAILLATI','030600');
INSERT INTO GE_DISTRITO VALUES('030604','MAMARA','030600');
INSERT INTO GE_DISTRITO VALUES('030605','MARISCAL GAMARRA','030600');
INSERT INTO GE_DISTRITO VALUES('030606','MICAELA BASTIDAS','030600');
INSERT INTO GE_DISTRITO VALUES('030607','PROGRESO','030600');
INSERT INTO GE_DISTRITO VALUES('030608','PATAYPAMPA','030600');
INSERT INTO GE_DISTRITO VALUES('030609','SAN ANTONIO','030600');
INSERT INTO GE_DISTRITO VALUES('030610','TURPAY','030600');
INSERT INTO GE_DISTRITO VALUES('030611','VILCABAMBA','030600');
INSERT INTO GE_DISTRITO VALUES('030612','VIRUNDO','030600');
INSERT INTO GE_DISTRITO VALUES('030613','SANTA ROSA','030600');
INSERT INTO GE_DISTRITO VALUES('030614','CURASCO','030600');

INSERT INTO GE_PROVINCIA VALUES('030700','CHINCHEROS','030000');
INSERT INTO GE_DISTRITO VALUES('030701','CHINCHEROS','030700');
INSERT INTO GE_DISTRITO VALUES('030702','ONGOY','030700');
INSERT INTO GE_DISTRITO VALUES('030703','OCOBAMBA','030700');
INSERT INTO GE_DISTRITO VALUES('030704','COCHARCAS','030700');
INSERT INTO GE_DISTRITO VALUES('030705','ANCO HUALLO','030700');
INSERT INTO GE_DISTRITO VALUES('030706','HUACCANA','030700');
INSERT INTO GE_DISTRITO VALUES('030707','URANMARCA','030700');
INSERT INTO GE_DISTRITO VALUES('030708','RANRACANCHA','030700');

/* CATEGORÍAS DE EVENTOS */

INSERT INTO GE_CATEGORIA_EVENTO VALUES(1,'Seminarios','A');
INSERT INTO GE_CATEGORIA_EVENTO VALUES(2,'Reuniones de trabajo con autoridades','A');
INSERT INTO GE_CATEGORIA_EVENTO VALUES(3,'Entrevistas','A');

/* TIPOS DE EVENTOS */

INSERT INTO GE_TIPO_EVENTO VALUES(1,'Concesionarias','A',1);
INSERT INTO GE_TIPO_EVENTO VALUES(2,'Inversionistas','A',1);
INSERT INTO GE_TIPO_EVENTO VALUES(3,'Regionales','A',2);
INSERT INTO GE_TIPO_EVENTO VALUES(4,'Provinciales','A',2);
INSERT INTO GE_TIPO_EVENTO VALUES(5,'Distritales','A',2);
INSERT INTO GE_TIPO_EVENTO VALUES(6,'Medios televisivos','A',3);
INSERT INTO GE_TIPO_EVENTO VALUES(7,'Medios radiales','A',3);
INSERT INTO GE_TIPO_EVENTO VALUES(8,'Medios virtuales','A',3);

/* SECTORES */

INSERT INTO GE_SECTOR VALUES(1,'Electricidad','ELC','A');
INSERT INTO GE_SECTOR VALUES(2,'Hidrocarburos','HDC','A');
INSERT INTO GE_SECTOR VALUES(3,'Minería','MIN','A');

/* PERSONAS */

INSERT INTO GE_PERSONA  VALUES (1, 'Lucy', 'Campos Castillo', 'D', '76353961', '976 647 998', 'lcamposc@gmail.com', 'A', TO_DATE('1980-02-10', 'YYYY-MM-DD'));
INSERT INTO GE_PERSONA  VALUES (2, 'Cameron', 'Onnell', 'C', '003414895', '+01(0)1136444340', 'c.onnell@gmail.com', 'A', TO_DATE('1950-05-02', 'YYYY-MM-DD'));
INSERT INTO GE_PERSONA  VALUES (3, 'Fredy', 'Romero Aliaga', 'D', '44990583', '998 562 001', 'fromero@yahoo.com', 'A', TO_DATE('2000-01-22', 'YYYY-MM-DD'));
INSERT INTO GE_PERSONA  VALUES (4, 'Jonas', 'Wisozk', 'C', '006423766', '+01(0)2136454330', 'khalid.king@yahoo.com', 'A', TO_DATE('1987-02-15', 'YYYY-MM-DD'));
INSERT INTO GE_PERSONA  VALUES (5, 'Cayla', 'Quispe Camacho', 'D', '65985784', '999 764 009', 'c.quispe@hotmail.com', 'A', TO_DATE('1977-02-10', 'YYYY-MM-DD'));
INSERT INTO GE_PERSONA  VALUES (6, 'Jorge', 'Cabana Salas', 'D', '51596742', '912 942 987', 'j.cabana22@gmail.com', 'A', TO_DATE('1940-12-09', 'YYYY-MM-DD'));
INSERT INTO GE_PERSONA  VALUES (7, 'Angie', 'Ponce Campos', 'D', '62142632', '908 691 775', 'sborer@yahoo.com', 'A', TO_DATE('1990-11-22', 'YYYY-MM-DD'));
INSERT INTO GE_PERSONA  VALUES (8, 'Rocky', 'Flores García', 'D', '48024550', '992 223 112', 'r.flores34@yahoo.com', 'A', TO_DATE('1990-01-18', 'YYYY-MM-DD'));
INSERT INTO GE_PERSONA  VALUES (9, 'Karen', 'Mamani Chávez', 'D', '77184428', '907 451 118', 'karen.maman2002@gmail.com', 'A', TO_DATE('1992-02-12', 'YYYY-MM-DD'));
INSERT INTO GE_PERSONA  VALUES (10, 'Adelle', 'Schmitt', 'C', '025653011', '(218)286-3990x98615', 'adelle24@hotmail.com', 'A', TO_DATE('1970-04-10', 'YYYY-MM-DD'));
INSERT INTO GE_PERSONA  VALUES (11, 'Laverna', 'Haley', 'C', '004734607', '563-584-3915x7801', 'laverna69@hotmail.com', 'A', TO_DATE('1980-06-11', 'YYYY-MM-DD'));
INSERT INTO GE_PERSONA  VALUES (12, 'Cassandra', 'Mendoza Ramos', 'D', '58082469', '999 274 186', 'c.mendoza23@gmail.com', 'A', TO_DATE('1984-03-30', 'YYYY-MM-DD'));
INSERT INTO GE_PERSONA  VALUES (13, 'Fredy', 'Díaz Espinoza', 'D', '29124087', '983 670 274', 'Fredy.diaz@yahoo.com', 'A', TO_DATE('1994-01-20', 'YYYY-MM-DD'));
INSERT INTO GE_PERSONA  VALUES (14, 'Dylan', 'Moen', 'C', '003454659', '(497)782-5589x6453', 'maya76@yahoo.com', 'A', TO_DATE('2001-11-02', 'YYYY-MM-DD'));
INSERT INTO GE_PERSONA  VALUES (15, 'Felipa', 'Torres Gonzales', 'D', '20429808', '997 836 987', 'f.torres@hotmail.com', 'A', TO_DATE('1988-05-12', 'YYYY-MM-DD'));
INSERT INTO GE_PERSONA  VALUES (16, 'Mafalda', 'Reyes Castro', 'D', '46679917', '923 862 900', 'mreyes@yahoo.com', 'A', TO_DATE('1999-12-09', 'YYYY-MM-DD'));
INSERT INTO GE_PERSONA  VALUES (17, 'Fredy', 'Condori Rivera', 'D', '40070990', '900 673 290', 'fcondori@yahoo.com', 'A', TO_DATE('2000-12-18', 'YYYY-MM-DD'));
INSERT INTO GE_PERSONA  VALUES (18, 'Luis', 'Reyes Espinoza', 'D', '44694140', '(64)34-3402', 'lreyes31@yahoo.com', 'A', TO_DATE('1999-05-15', 'YYYY-MM-DD'));
INSERT INTO GE_PERSONA  VALUES (19, 'Juan', 'Silva Aguilar', 'D', '76837530', '993 451 278', 'j.aguilar@gmail.com', 'A', TO_DATE('1950-05-22', 'YYYY-MM-DD'));
INSERT INTO GE_PERSONA  VALUES (20, 'Iliana', 'Bergnaum', 'C', '006779157', '1-468-077-5952', 'i.bergnaum@yahoo.com', 'A', TO_DATE('1980-06-07', 'YYYY-MM-DD'));
INSERT INTO GE_PERSONA  VALUES (21, 'Fidel José', 'Quispe López', 'D', '44212102', '902 145 896', 'f.qusipe@regionapurimac.gob.pe', 'A', TO_DATE('1970-01-17', 'YYYY-MM-DD'));
INSERT INTO GE_PERSONA  VALUES (22, 'Francisca', 'Fernández Martínez', 'D', '09564755', '927 850 120', 'francisca.fmartinez@robotstar.com.pe', 'A', TO_DATE('1982-10-25', 'YYYY-MM-DD'));
INSERT INTO GE_PERSONA  VALUES (23, 'Fernando', 'Del Rincón', 'C', '006875785', '1-098-492-8501', 'f.delrincon@cnn.com', 'A', TO_DATE('1972-11-25', 'YYYY-MM-DD'));
INSERT INTO GE_PERSONA  VALUES (24, 'Ángel', 'Valega Fernández', 'D', '12125454', '954784212', 'avalega@pucp.edu.pe', 'A', TO_DATE('1980-04-20', 'YYYY-MM-DD'));
INSERT INTO GE_PERSONA  VALUES (25, 'Leslie', 'Martinez Soto', 'D', '6784522', '947865845', 'lmsoto@gmail.com', 'A', TO_DATE('1987-08-11', 'YYYY-MM-DD'));
INSERT INTO GE_PERSONA  VALUES (26, 'Alejandro', 'Ramos Cordero', 'D', '26751456', '908679552', 'alejandro.ramos@gmail.com', 'A', TO_DATE('1972-10-01', 'YYYY-MM-DD'));
INSERT INTO GE_PERSONA  VALUES (27, 'Martín', 'Rincón Araujo', 'D', '43328795', '987866922', 'mrincon@gmail.com', 'A', TO_DATE('1978-11-30', 'YYYY-MM-DD'));
INSERT INTO GE_PERSONA  VALUES (28, 'Jorge', 'Farfán Morales', 'D', '70967489', '987444112', 'jorge.fmorales@robotstar.com.pe', 'A', TO_DATE('1990-11-24', 'YYYY-MM-DD'));

/* EVENTOS */

INSERT INTO GE_EVENTO VALUES(1,'Seminario TIC', 'Tecnologías de Información', 'Capacitar en el uso de las TICs', TO_DATE('2021-04-15 10:00', 'YYYY-MM-DD HH24:MI'),NULL, '021801','-9.07444','-78.5936','Av. Bolivar 202',1,1,5,'0',NULL,3,'Director','F');
INSERT INTO GE_EVENTO VALUES(2,'Seminario I+D', 'Investigación y Desarrollo', 'Aumentar Productividad', TO_DATE('2021-04-21 08:30', 'YYYY-MM-DD HH24:MI'),NULL, '021901','-6.22944','-77.8725','Jr. Puno 105',1,2,4,'0',NULL,18,'Administrador','F');
INSERT INTO GE_EVENTO VALUES(3,'Reunión de Consejo', 'Construcción de Puente', 'Planificar la construcción del puente', TO_DATE('2021-05-05 09:00', 'YYYY-MM-DD HH24:MI'),NULL, '020101','-9.5275','-77.5333','Av. Lima 1105',5,3,4,'0',NULL,5,'Regidor','P');
INSERT INTO GE_EVENTO VALUES(4,'Entrevistas a Autoridades', 'Entrevista al Alcalde de Corongo', 'Conocer las necesidades del distrito de Corongo', TO_DATE('2021-05-01 15:00', 'YYYY-MM-DD HH24:MI'),NULL, '020901',' -8.56861','-77.8967','-',6,1,12,'1','meet.google.com/xx-78wi-ii',2,'Periodista','F');
INSERT INTO GE_EVENTO VALUES(5,'Seminario Virtual de Minería', 'Impacto de la explotación minera', 'Explicar el impacto cauado por la explotación minera', TO_DATE('2021-05-12 16:00', 'YYYY-MM-DD HH24:MI'),NULL, '020109',' -9.56861','-78.2367','-',1,3,20,'1','meet.google.com/zz-34wi-jj',10,'Geóloga','P');
INSERT INTO GE_EVENTO VALUES(6,'Seminario de Aplicación de TICs en Ingeniería Ambiental', 'Tecnologías de Información', 'Exponer las últimas propuestas tecnológicas usando Tecnologías de Información y Comunicaciones (TICs) en el campo de Ingeniería Ambiental', TO_DATE('2021-05-02 14:00', 'YYYY-MM-DD HH24:MI'),NULL, '030109',' -13.62587','-72.8772','-',2,2,25,'1','meet.google.com/zw-j4j-4j4',3,'Director','P');
INSERT INTO GE_EVENTO VALUES(7,'Conversatorio sobre las políticas departamentales de Energía y Minas', 'Fiscalización', 'Fiscalizar las medidas gubernamentales propuestas', TO_DATE('2021-05-03 11:00', 'YYYY-MM-DD HH24:MI'),NULL, '030101',' -13.63560','-72.8743','Jr. Elías 120',3,3,25,'0','meet.google.com/e5-jrr-41s',21,'Gobernador Regional','P');
INSERT INTO GE_EVENTO VALUES(8,'Seminario Anual Regional de Investigación Abancay 2021', 'Capacitar en el uso de las TICs', 'Exponer los últimos avances en el ámbito científico en la región Apurimac', TO_DATE('2021-05-09 17:00', 'YYYY-MM-DD HH24:MI'),NULL, '030101',' -13.53068','-73.6063','-',3,1,30,'0','meet.google.com/ff-qws-c1v',22,'Coordinador','P');
INSERT INTO GE_EVENTO VALUES(9,'Entrevista al Ministro del Ambiente en Ranrancancha, Apurímac', 'Entrevista sobre medidas ambientales', 'Entrevistar al Ministro sobre las medidas ambientales en Chinceros para el 2021', TO_DATE('2021-05-13 17:00', 'YYYY-MM-DD HH24:MI'),NULL, '030708',' -13.53192','-73.6057','-',6,3,5,'0','meet.google.com/hh-jjj-ewe',23,'Periodista','P');
INSERT INTO GE_EVENTO VALUES(10,'Capacitación del Sistema de Control Ambiental Regional', 'Capacitar en el uso de las TICs', 'Capacitar al personal del Gob. Regional de Áncash sobre el Sistema', TO_DATE('2021-05-08 17:00', 'YYYY-MM-DD HH24:MI'),NULL, '020101',' -9.53046','-77.52898','-',3,1,15,'0','meet.google.com/rf-mur-c1o',27,'Capacitor','P');

/* ARCHIVOS */

INSERT INTO GE_ARCHIVO VALUES(1,'Folleto promocional del Seminario', 'Folleto', 'https://www.ejemplo.com/pdf/promo-444425852202.pdf', 1, 63241);
INSERT INTO GE_ARCHIVO VALUES(2,'Agenda del Seminario', 'Documento formal', 'https://www.ejemplo.com/pdf/promo-667457225852202.pdf', 1, 122058);
INSERT INTO GE_ARCHIVO VALUES(3,'Perfil de Ponentes en el Seminario', 'Documento formal', 'https://www.redalyc.org/pdf/1942/194214476001.pdf', 1,147960);
INSERT INTO GE_ARCHIVO VALUES(4,'Agenda del Seminario', 'Documento formal', 'https://www.ejemplo.org/sites/default/files/courses/files/agendaseminario.pdf', 2, 122058);
INSERT INTO GE_ARCHIVO VALUES(5,'Perfil de Ponentes en el Seminario', 'Documento formal', 'https://www.redalyc.org/pdf/1942/1943468476001.pdf', 2, 166560);
INSERT INTO GE_ARCHIVO VALUES(6,'Documento de evaluación técnica del puente', 'Informe', 'https://www.ejemplo.com/pdf/informe-5242545245.pdf', 3, 253540);
INSERT INTO GE_ARCHIVO VALUES(7,'Acta de Reunión del Consejo', 'Acta', 'https://www.ejemplo.com/pdf/acta-444425852202.pdf', 3, 69114);
INSERT INTO GE_ARCHIVO VALUES(8,'Fotografía del Alcalde', 'Foto', 'https://www.ejemplo.com/photo/sfwfwdsw5541s4dsf.png', 4, 98645);
INSERT INTO GE_ARCHIVO VALUES(9,'Fotografía del saludo final', 'Foto', 'https://www.ejemplo.com/photo/sfwfwdsw5541s42342.png', 4, 74682);
INSERT INTO GE_ARCHIVO VALUES(10,'Transcripción de la entrevista', 'Transcripción', 'https://www.ejemplo.com/note/sfwfwdsw5541s4dsf.txt', 4, 169114);
INSERT INTO GE_ARCHIVO VALUES(11,'Audio de la entrevista', 'Audio', 'https://www.ejemplo.com/video/alcande-corongo-entrevista-orig.mp3', 4, 2587469);
INSERT INTO GE_ARCHIVO VALUES(12,'Folleto promocional del Seminario', 'Folleto', 'https://www.ejemplo.com/pdf/promo-444425852202.pdf', 5, 84241);
INSERT INTO GE_ARCHIVO VALUES(13,'Agenda del Seminario de Minería', 'Documento formal', 'https://www.ejemplo.com/pdf/promo-667457225852202.pdf', 5, 108058);
INSERT INTO GE_ARCHIVO VALUES(14,'Perfil de Ponentes en el Seminario de Minería', 'Documento formal', 'https://www.redalyc.org/pdf/1942/194214476001.pdf', 5, 136754);
INSERT INTO GE_ARCHIVO VALUES(15,'Audio de invitación al Seminario Minería', 'Audio', 'https://www.ejemplo.com/video/invitacion-semineria-orig.mp3', 5, 150678);
INSERT INTO GE_ARCHIVO VALUES(16,'Folleto promocional del Seminario de Ing. Ambiental', 'Folleto', 'https://www.ejemplo.com/pdf/promo-444578567852202.pdf', 6, 93241);
INSERT INTO GE_ARCHIVO VALUES(17,'Agenda del Seminario de Ingeniería Ambiental', 'Documento formal', 'https://www.ejemplo.com/pdf/promo-6674124121202.pdf', 6, 182058);
INSERT INTO GE_ARCHIVO VALUES(18,'Folleto promocional del Conversatorio', 'Folleto', 'https://www.ejemplo.com/pdf/promo-456754432202.pdf', 7, 49531);
INSERT INTO GE_ARCHIVO VALUES(19,'Flyer promocional del Conversatorio', 'Imagen', 'https://www.ejemplo.com/photo/promo-456754432202.png', 7, 49531);
INSERT INTO GE_ARCHIVO VALUES(20,'Transcripción de las ponencias del Conversatorio', 'Transcripción', 'https://www.ejemplo.com/pdf/acta-444425852202.txt', 7, 23958);
INSERT INTO GE_ARCHIVO VALUES(21,'Folleto promocional del Seminario', 'Folleto', 'https://www.ejemplo.com/pdf/promo-456754432202.pdf', 8, 69531);
INSERT INTO GE_ARCHIVO VALUES(22,'Perfil de participantes en el Seminario', 'Folleto', 'https://www.ejemplo.com/pdf/promo-456754432202.pdf', 8, 169531);
INSERT INTO GE_ARCHIVO VALUES(23,'Fotografía del saludo inicial', 'Foto', 'https://www.ejemplo.com/photo/sfwfwd23423423s42342.png', 9, 70558);
INSERT INTO GE_ARCHIVO VALUES(24,'Transcripción de la entrevista al Ministro', 'Transcripción', 'https://www.ejemplo.com/note/sfwfw234234234234dsf.txt', 9, 9875);
INSERT INTO GE_ARCHIVO VALUES(25,'Audio de la entrevista al Ministro', 'Audio', 'https://www.ejemplo.com/video/alcande-corongo-entrevista-orig.mp3', 9, 1527469);
INSERT INTO GE_ARCHIVO VALUES(26,'Manual de Capacitación del Sistema', 'Manual', 'https://www.ejemplo.com/pdf/manual-44345342134122.pdf', 10, 214557);

/* PERSONAS POR EVENTO */

INSERT INTO GE_PERSONA_EVENTO VALUES(1,3,'A');
INSERT INTO GE_PERSONA_EVENTO VALUES(1,1,'N');
INSERT INTO GE_PERSONA_EVENTO VALUES(1,4,'A');
INSERT INTO GE_PERSONA_EVENTO VALUES(1,6,'N');
INSERT INTO GE_PERSONA_EVENTO VALUES(1,7,'A');

INSERT INTO GE_PERSONA_EVENTO VALUES(2,18,'A');
INSERT INTO GE_PERSONA_EVENTO VALUES(2,11,'A');
INSERT INTO GE_PERSONA_EVENTO VALUES(2,15,'A');
INSERT INTO GE_PERSONA_EVENTO VALUES(2,17,'A');
INSERT INTO GE_PERSONA_EVENTO VALUES(2,13,'A');

INSERT INTO GE_PERSONA_EVENTO VALUES(3,5,'A');
INSERT INTO GE_PERSONA_EVENTO VALUES(3,12,'A');
INSERT INTO GE_PERSONA_EVENTO VALUES(3,19,'A');
INSERT INTO GE_PERSONA_EVENTO VALUES(3,20,'N');

INSERT INTO GE_PERSONA_EVENTO VALUES(4,2,'A');
INSERT INTO GE_PERSONA_EVENTO VALUES(4,19,'A');
INSERT INTO GE_PERSONA_EVENTO VALUES(4,20,'A');
INSERT INTO GE_PERSONA_EVENTO VALUES(4,11,'A');
INSERT INTO GE_PERSONA_EVENTO VALUES(4,4,'A');
INSERT INTO GE_PERSONA_EVENTO VALUES(4,6,'A');
INSERT INTO GE_PERSONA_EVENTO VALUES(4,18,'A');
INSERT INTO GE_PERSONA_EVENTO VALUES(4,1,'A');
INSERT INTO GE_PERSONA_EVENTO VALUES(4,14,'N');
INSERT INTO GE_PERSONA_EVENTO VALUES(4,15,'N');
INSERT INTO GE_PERSONA_EVENTO VALUES(4,13,'N');

INSERT INTO GE_PERSONA_EVENTO VALUES(5,10,'R');
INSERT INTO GE_PERSONA_EVENTO VALUES(5,7,'R');
INSERT INTO GE_PERSONA_EVENTO VALUES(5,17,'R');
INSERT INTO GE_PERSONA_EVENTO VALUES(5,11,'R');
INSERT INTO GE_PERSONA_EVENTO VALUES(5,19,'R');

INSERT INTO GE_PERSONA_EVENTO VALUES(6,1,'A');
INSERT INTO GE_PERSONA_EVENTO VALUES(6,4,'A');
INSERT INTO GE_PERSONA_EVENTO VALUES(6,5,'A');
INSERT INTO GE_PERSONA_EVENTO VALUES(6,8,'A');
INSERT INTO GE_PERSONA_EVENTO VALUES(6,10,'A');
INSERT INTO GE_PERSONA_EVENTO VALUES(6,13,'R');
INSERT INTO GE_PERSONA_EVENTO VALUES(6,14,'R');
INSERT INTO GE_PERSONA_EVENTO VALUES(6,17,'R');
INSERT INTO GE_PERSONA_EVENTO VALUES(6,21,'R');

INSERT INTO GE_PERSONA_EVENTO VALUES(7,3,'A');
INSERT INTO GE_PERSONA_EVENTO VALUES(7,9,'R');
INSERT INTO GE_PERSONA_EVENTO VALUES(7,19,'R');
INSERT INTO GE_PERSONA_EVENTO VALUES(7,20,'R');
INSERT INTO GE_PERSONA_EVENTO VALUES(7,22,'R');

INSERT INTO GE_PERSONA_EVENTO VALUES(8,3,'A');
INSERT INTO GE_PERSONA_EVENTO VALUES(8,4,'R');
INSERT INTO GE_PERSONA_EVENTO VALUES(8,7,'R');
INSERT INTO GE_PERSONA_EVENTO VALUES(8,9,'R');
INSERT INTO GE_PERSONA_EVENTO VALUES(8,11,'R');
INSERT INTO GE_PERSONA_EVENTO VALUES(8,12,'A');
INSERT INTO GE_PERSONA_EVENTO VALUES(8,13,'R');
INSERT INTO GE_PERSONA_EVENTO VALUES(8,17,'R');
INSERT INTO GE_PERSONA_EVENTO VALUES(8,18,'R');
INSERT INTO GE_PERSONA_EVENTO VALUES(8,22,'R');

INSERT INTO GE_PERSONA_EVENTO VALUES(9,23,'A');
INSERT INTO GE_PERSONA_EVENTO VALUES(9,1,'A');
INSERT INTO GE_PERSONA_EVENTO VALUES(9,2,'R');

INSERT INTO GE_PERSONA_EVENTO VALUES(10,27,'A');
INSERT INTO GE_PERSONA_EVENTO VALUES(10,1,'A');
INSERT INTO GE_PERSONA_EVENTO VALUES(10,7,'R');
INSERT INTO GE_PERSONA_EVENTO VALUES(10,19,'R');
INSERT INTO GE_PERSONA_EVENTO VALUES(10,10,'A');
INSERT INTO GE_PERSONA_EVENTO VALUES(10,28,'A');